Duracao,HistoricoCredito,Proposito,Valor,Investimentos,Emprego,TempoParcelamento,EstadoCivil,FiadorTerceiros,ResidenciaDesde,Idade,OutrosFinanciamentos,Habitacao,EmprestimoExistente,Profissao,Dependentes,SocioEmpresa,Estrangeiro,Status
48,2,1,5951,2,3.0,2,1,3,2.0,22,3,1.0,1,4,1,0,0,0
12,1,2,2096,2,4.0,2,4,3,3.0,49,3,1.0,1,3,2,0,0,1
42,2,3,7882,2,4.0,2,4,4,4.0,45,3,2.0,1,4,2,0,0,1
24,3,4,4870,2,3.0,3,4,3,4.0,53,3,2.0,2,4,2,0,0,0
36,2,2,9055,1,3.0,2,4,3,4.0,35,3,2.0,1,3,2,1,0,1
24,2,3,2835,3,2.0,3,4,3,4.0,53,3,1.0,1,4,1,0,0,1
12,2,1,3059,4,4.0,2,2,3,4.0,61,3,1.0,1,3,1,0,0,1
12,2,4,1295,2,1.0,3,1,3,1.0,25,3,3.0,1,4,1,0,0,0
12,2,1,1567,2,3.0,1,1,3,1.0,22,3,1.0,1,4,1,1,0,1
24,1,4,1199,2,2.0,4,4,3,4.0,60,3,1.0,2,3,1,0,0,0
24,2,1,1282,5,3.0,4,1,3,2.0,32,3,1.0,1,3,1,0,0,0
24,1,1,2424,1,2.0,4,4,3,4.0,53,3,1.0,2,4,1,0,0,1
30,4,6,8072,1,1.0,2,4,3,3.0,25,1,1.0,3,4,1,0,0,1
24,2,5,12579,2,2.0,4,1,3,2.0,44,3,2.0,1,1,1,1,0,0
24,2,1,3430,3,2.0,3,4,3,2.0,31,3,1.0,1,4,2,1,0,1
9,1,4,2134,2,3.0,4,4,3,4.0,48,3,1.0,3,4,1,1,0,1
6,2,1,2647,3,3.0,2,4,3,3.0,44,3,3.0,1,4,2,0,0,1
10,1,4,2241,2,1.0,1,4,3,3.0,48,3,3.0,2,3,2,0,1,1
12,1,5,1804,5,1.0,3,4,3,4.0,44,3,1.0,1,4,1,0,0,1
10,1,3,2069,1,3.0,2,3,3,1.0,26,3,1.0,2,4,1,0,1,1
6,2,3,1374,2,3.0,1,4,3,2.0,36,1,1.0,1,3,1,1,0,1
6,4,1,426,2,2.0,4,3,3,4.0,39,3,1.0,1,3,1,0,0,1
12,5,1,409,4,3.0,3,1,3,3.0,42,3,3.0,2,4,1,0,0,1
7,2,1,2415,2,3.0,3,4,4,2.0,34,3,1.0,1,4,1,0,0,1
60,3,6,6836,2,2.0,3,4,3,4.0,63,3,1.0,2,4,1,1,0,0
18,2,6,1913,4,1.0,3,3,3,3.0,36,1,1.0,1,4,1,1,0,1
24,2,3,4020,2,3.0,2,4,3,2.0,27,2,1.0,1,4,1,0,0,1
18,2,4,5866,5,3.0,2,4,3,2.0,30,3,1.0,2,4,1,1,0,1
12,1,6,1264,1,2.0,4,4,3,4.0,57,3,3.0,1,3,1,0,0,1
45,1,1,4746,2,1.0,4,4,3,2.0,25,3,1.0,2,3,1,0,0,0
48,1,2,6110,2,3.0,1,4,3,3.0,31,1,2.0,1,4,1,1,0,1
18,2,1,2100,2,3.0,4,4,2,2.0,37,2,1.0,1,4,1,0,0,0
10,2,7,1225,2,3.0,2,4,3,2.0,37,3,1.0,1,4,1,1,0,1
9,2,1,458,2,3.0,4,4,3,3.0,24,3,1.0,1,4,1,0,0,1
30,2,1,2333,3,2.0,4,4,3,2.0,30,1,1.0,1,1,1,0,0,1
12,2,1,1158,3,3.0,3,2,3,1.0,26,3,1.0,1,4,1,1,0,1
18,3,8,6204,2,3.0,2,4,3,4.0,44,3,1.0,1,3,2,1,0,1
30,1,5,6187,5,4.0,1,3,3,4.0,24,3,3.0,2,4,1,0,0,1
11,1,4,1393,2,1.0,4,1,3,4.0,35,3,1.0,2,1,1,0,0,1
36,2,1,2299,3,2.0,4,4,3,4.0,39,3,1.0,1,4,1,0,0,1
6,2,5,1352,3,5.0,1,1,3,2.0,23,3,3.0,1,2,1,1,0,1
11,1,4,7228,2,3.0,1,4,3,4.0,39,3,1.0,2,3,1,0,0,1
12,2,1,2073,5,3.0,4,1,2,2.0,28,3,1.0,1,4,1,0,0,1
24,3,3,2333,1,1.0,4,4,3,2.0,29,1,1.0,1,3,1,0,0,1
27,3,5,5965,2,2.0,1,4,3,2.0,30,3,1.0,2,1,1,1,0,1
12,2,1,1262,2,3.0,3,4,3,2.0,25,3,1.0,1,4,1,0,0,1
18,2,5,3378,1,3.0,2,4,3,1.0,31,3,1.0,1,4,1,1,0,1
36,3,4,2225,2,2.0,4,4,3,4.0,57,1,2.0,2,4,1,1,0,0
12,2,1,6468,1,5.0,2,4,3,1.0,52,3,1.0,1,1,1,1,0,0
36,1,1,9566,2,3.0,2,1,3,2.0,31,2,1.0,2,4,1,0,0,1
18,2,4,1961,2,2.0,3,1,3,2.0,23,3,1.0,1,1,1,0,0,1
36,1,3,6229,2,1.0,4,1,2,4.0,23,3,3.0,2,3,1,1,0,0
9,2,6,1391,2,3.0,2,3,3,1.0,27,1,1.0,1,4,1,1,0,1
15,1,1,1537,1,2.0,4,4,4,4.0,50,3,1.0,2,4,1,1,0,1
36,4,6,1953,2,2.0,4,4,3,4.0,61,3,2.0,1,1,1,1,0,0
48,4,6,14421,2,3.0,2,4,3,2.0,25,3,1.0,1,4,1,1,0,0
24,2,1,3181,2,1.0,4,1,3,4.0,26,3,1.0,1,4,1,1,0,1
27,2,8,5190,1,2.0,4,4,3,4.0,48,3,1.0,4,4,2,1,0,1
12,2,1,2171,2,1.0,2,1,3,2.0,29,1,1.0,1,4,1,0,0,1
12,2,4,1007,4,3.0,4,3,3,1.0,22,3,1.0,1,4,1,0,0,1
36,2,1,2394,1,3.0,4,1,3,4.0,25,3,1.0,1,4,1,0,0,1
12,2,3,1474,2,1.0,4,1,3,3.0,33,1,1.0,1,1,1,1,0,1
36,2,5,6948,2,3.0,2,4,3,2.0,35,3,1.0,1,1,1,1,0,1
48,2,6,4308,2,1.0,3,1,3,4.0,24,3,1.0,1,4,1,0,0,0
6,0,1,1169,1,3.0,4,4,3,4.0,67,3,1.0,2,4,1,1,0,1
36,2,2,1819,2,3.0,4,4,3,4.0,37,2,2.0,1,999,1,1,0,0
30,0,4,5234,2,5.0,4,3,3,2.0,28,3,1.0,2,1,1,0,0,0
36,2,5,8133,2,3.0,1,1,3,2.0,30,1,1.0,1,4,1,0,0,1
7,1,1,730,1,2.0,4,4,3,2.0,46,3,3.0,2,3,1,1,0,1
8,1,9,1164,2,2.0,3,4,3,4.0,51,1,2.0,2,1,2,1,0,1
42,1,6,5954,2,4.0,2,1,3,1.0,41,1,1.0,2,3,1,0,0,1
12,1,5,1526,2,2.0,4,4,3,4.0,66,3,2.0,2,1,1,0,0,1
42,2,1,3965,2,1.0,4,4,3,3.0,34,3,1.0,1,4,1,0,0,0
54,4,5,9436,1,3.0,2,4,3,2.0,39,3,1.0,1,3,2,0,0,1
30,2,3,3832,2,1.0,2,3,3,1.0,22,3,1.0,1,4,1,0,0,1
24,2,1,5943,1,1.0,1,1,3,1.0,44,3,1.0,2,4,1,1,0,0
15,2,1,1213,3,2.0,4,4,3,3.0,47,2,1.0,1,4,1,1,0,1
18,2,6,1568,5,3.0,3,1,3,4.0,24,3,3.0,1,3,1,0,0,1
24,2,9,1755,2,2.0,4,1,4,4.0,58,3,1.0,1,3,1,1,0,1
10,2,1,2315,2,2.0,3,4,3,4.0,52,3,1.0,1,3,1,0,0,1
12,1,6,1412,2,3.0,4,1,4,2.0,29,3,1.0,2,1,1,1,0,1
18,1,3,1295,2,1.0,4,1,3,1.0,27,3,1.0,2,4,1,0,0,1
36,2,2,12612,5,3.0,1,4,3,4.0,47,3,2.0,1,4,2,1,0,0
18,2,4,2249,5,4.0,4,4,3,3.0,30,3,1.0,1,1,2,1,0,1
12,4,8,1108,2,4.0,4,4,3,3.0,28,3,1.0,2,4,1,0,0,0
12,1,1,618,2,2.0,4,4,3,4.0,56,3,1.0,1,4,1,0,0,1
12,1,5,1409,2,2.0,4,4,3,3.0,54,3,1.0,1,4,1,0,0,1
12,1,1,797,1,2.0,4,1,3,3.0,33,1,1.0,1,3,2,0,0,0
24,1,3,3617,1,2.0,4,4,2,4.0,20,3,3.0,2,4,1,0,0,1
54,4,6,15945,2,1.0,3,4,3,4.0,58,3,3.0,1,4,1,1,0,0
12,1,2,2012,1,4.0,4,1,3,2.0,61,3,1.0,1,4,1,0,0,1
18,2,6,2622,5,3.0,4,4,3,4.0,34,3,1.0,1,4,1,0,0,1
36,1,1,2337,2,2.0,4,4,3,4.0,36,3,1.0,1,4,1,0,0,1
20,3,5,7057,1,4.0,3,4,3,4.0,36,1,3.0,2,1,2,1,0,1
24,2,4,1469,5,2.0,4,3,3,4.0,41,3,3.0,1,3,1,0,0,1
36,2,1,2323,2,4.0,4,4,3,4.0,24,3,3.0,1,4,1,0,0,1
6,3,1,932,2,3.0,3,1,3,2.0,24,3,1.0,1,4,1,0,0,1
9,1,3,1919,2,4.0,4,4,3,3.0,35,3,3.0,1,4,1,1,0,1
12,2,5,2445,1,1.0,2,3,3,4.0,26,3,3.0,1,4,1,1,0,1
24,1,9,11938,2,3.0,2,4,1,3.0,39,3,1.0,2,1,2,1,0,0
18,5,4,6458,2,2.0,2,4,3,4.0,39,1,1.0,2,1,2,1,0,0
12,2,4,6078,2,4.0,2,4,3,2.0,32,3,1.0,1,4,1,0,0,1
24,2,3,7721,1,1.0,1,1,3,2.0,30,3,1.0,1,4,1,1,1,1
14,2,6,1410,3,2.0,1,3,3,2.0,35,3,1.0,1,4,1,1,0,1
6,3,6,1449,5,2.0,1,2,3,2.0,31,1,1.0,2,4,2,0,0,1
15,2,2,392,2,1.0,4,1,3,4.0,23,3,3.0,1,4,1,1,0,1
18,2,4,6260,2,4.0,3,4,3,3.0,28,3,3.0,1,3,1,0,0,1
36,1,4,7855,2,3.0,4,1,3,2.0,25,2,1.0,2,4,1,1,0,0
12,2,1,1680,3,2.0,3,3,3,1.0,35,3,1.0,1,4,1,0,0,1
48,1,1,3578,1,2.0,4,4,3,1.0,47,3,1.0,1,4,1,1,0,1
42,2,1,7174,1,4.0,4,1,3,3.0,30,3,1.0,1,1,1,1,0,0
10,1,3,2132,1,1.0,2,1,2,3.0,27,3,3.0,2,4,1,0,1,1
33,1,3,4281,3,3.0,1,1,3,4.0,23,3,1.0,2,4,1,0,0,0
12,1,4,2366,3,4.0,3,2,3,3.0,36,3,1.0,1,1,1,1,0,1
21,2,1,1835,2,3.0,3,1,3,2.0,25,3,1.0,2,4,1,1,0,0
24,1,5,3868,2,2.0,4,1,3,2.0,41,3,3.0,2,1,1,1,0,1
12,2,3,1768,2,3.0,3,4,3,2.0,24,3,3.0,1,3,1,0,0,1
10,1,4,781,2,2.0,4,4,3,4.0,63,3,2.0,2,4,1,1,0,1
18,2,3,1924,1,1.0,4,1,3,3.0,27,3,3.0,1,4,1,0,0,0
12,1,4,2121,2,3.0,4,4,3,2.0,30,3,1.0,2,4,1,0,0,1
12,2,1,701,2,3.0,4,3,3,2.0,40,3,1.0,1,3,1,0,0,1
12,2,8,639,2,3.0,4,4,3,2.0,30,3,1.0,1,4,1,0,0,0
12,1,5,1860,2,5.0,4,4,3,2.0,34,3,1.0,2,1,1,1,0,1
12,1,4,3499,2,3.0,3,1,2,2.0,29,3,1.0,2,4,1,0,0,0
48,2,4,8487,1,4.0,1,1,3,2.0,24,3,1.0,1,4,1,0,0,1
36,3,2,6887,2,3.0,4,4,3,3.0,29,2,1.0,1,4,1,1,0,0
15,2,3,2708,2,1.0,2,4,3,3.0,27,1,1.0,2,3,1,0,0,1
18,2,3,1984,2,3.0,4,4,3,4.0,47,1,2.0,2,4,1,0,0,1
60,2,1,10144,5,4.0,2,1,3,4.0,21,3,1.0,1,4,1,1,0,1
12,1,1,1240,1,2.0,4,1,3,2.0,38,3,1.0,2,4,1,1,0,1
27,3,5,8613,4,3.0,2,4,3,2.0,27,3,1.0,2,4,1,0,0,1
12,2,1,766,3,3.0,4,4,3,3.0,66,3,1.0,1,3,1,0,0,0
15,1,1,2728,1,4.0,4,4,4,2.0,35,1,1.0,3,4,1,1,0,1
12,2,1,1881,2,3.0,2,1,3,2.0,44,3,3.0,1,3,1,1,0,1
11,3,1,4771,2,3.0,2,4,3,4.0,51,3,1.0,1,4,1,0,0,1
6,2,4,709,4,1.0,2,3,3,2.0,27,3,1.0,1,2,1,0,1,1
36,2,1,4795,2,1.0,4,1,3,1.0,30,3,1.0,1,1,1,1,0,1
27,2,1,3416,2,3.0,3,4,3,2.0,27,3,1.0,1,1,1,0,0,1
18,2,3,2462,2,3.0,2,4,3,2.0,22,3,1.0,1,4,1,0,0,0
48,5,6,3566,5,4.0,4,4,3,2.0,30,3,1.0,1,4,1,0,0,1
6,1,4,860,2,2.0,1,1,3,4.0,39,3,1.0,2,4,1,1,0,1
12,1,4,682,5,4.0,4,1,3,3.0,51,3,1.0,2,4,1,1,0,1
36,1,3,5371,2,3.0,3,4,4,2.0,28,3,1.0,2,4,1,0,0,1
18,1,1,1582,4,2.0,4,4,3,4.0,46,3,1.0,2,4,1,0,0,1
6,2,1,1346,5,2.0,2,4,3,4.0,42,1,2.0,1,4,2,1,0,1
10,2,1,1924,2,3.0,1,4,3,4.0,38,3,1.0,1,4,1,1,1,1
36,2,1,5848,2,3.0,4,4,3,1.0,24,3,1.0,1,4,1,0,0,1
24,1,5,7758,4,2.0,2,1,3,4.0,29,3,3.0,1,4,1,0,0,1
24,3,6,6967,5,4.0,4,4,3,4.0,36,3,3.0,1,1,1,1,0,1
12,2,3,1282,2,3.0,2,1,3,4.0,20,3,3.0,1,4,1,0,0,0
9,1,8,1288,5,2.0,3,4,4,4.0,48,3,1.0,2,4,2,0,1,1
12,5,10,339,2,2.0,4,3,3,1.0,45,1,1.0,1,3,1,0,0,1
24,2,4,3512,5,4.0,2,4,3,3.0,38,1,1.0,2,4,1,1,0,1
6,1,1,1898,1,3.0,1,4,3,2.0,34,3,1.0,2,3,2,0,0,1
24,1,1,2872,5,2.0,3,4,3,4.0,36,3,1.0,1,4,2,1,0,1
18,1,4,1055,2,1.0,4,1,3,1.0,30,3,1.0,2,4,1,0,0,1
15,2,7,1262,3,4.0,4,4,3,3.0,36,3,1.0,2,4,1,1,0,1
10,2,4,7308,2,5.0,2,4,3,4.0,70,1,2.0,1,1,1,1,0,1
36,2,4,909,3,2.0,4,4,3,4.0,36,3,1.0,1,4,1,0,0,1
6,2,3,2978,3,3.0,1,4,3,2.0,32,3,1.0,1,4,1,1,0,1
18,2,3,1131,2,5.0,4,1,3,2.0,33,3,1.0,1,4,1,0,0,0
11,2,3,1577,4,1.0,4,1,3,1.0,20,3,1.0,1,4,1,0,0,1
24,1,6,1935,2,2.0,4,2,3,4.0,31,3,1.0,2,4,1,1,0,0
15,4,4,950,2,2.0,4,4,3,3.0,33,3,3.0,2,4,2,0,0,0
12,2,3,763,2,3.0,4,1,3,1.0,26,3,1.0,1,4,1,1,0,1
24,3,3,2064,2,5.0,3,1,3,2.0,34,3,1.0,1,1,1,1,0,0
21,3,2,3414,2,1.0,2,4,3,1.0,26,3,1.0,2,4,1,0,0,0
30,5,5,7485,1,5.0,4,1,3,1.0,53,1,1.0,1,1,1,1,0,0
12,2,3,2577,2,3.0,2,2,3,1.0,42,3,1.0,1,4,1,0,0,1
6,1,1,338,3,2.0,4,4,3,4.0,52,3,1.0,2,4,1,0,0,1
12,2,1,1963,2,4.0,4,4,3,2.0,31,3,3.0,2,1,2,1,0,1
21,1,4,571,2,2.0,4,4,3,4.0,65,3,1.0,2,4,1,0,0,1
36,3,6,9572,2,1.0,1,2,3,1.0,28,3,1.0,2,4,1,0,0,0
36,3,6,4455,2,3.0,2,2,3,2.0,30,2,1.0,2,1,1,1,0,0
21,5,4,1647,1,3.0,4,4,3,2.0,40,3,1.0,2,3,2,0,0,0
24,1,3,3777,4,3.0,4,4,3,4.0,50,3,1.0,1,4,1,1,0,1
18,1,4,884,2,2.0,4,4,3,4.0,36,1,1.0,1,4,2,1,0,0
15,1,1,1360,2,3.0,4,4,3,2.0,31,3,1.0,2,4,1,0,0,1
9,5,5,5129,2,2.0,2,1,3,4.0,74,1,2.0,1,1,2,1,0,0
16,1,4,1175,2,5.0,2,4,3,3.0,68,3,2.0,3,2,1,1,0,1
12,2,1,674,5,4.0,4,3,3,1.0,20,3,1.0,1,4,1,0,0,0
18,4,3,3244,2,3.0,1,1,3,4.0,33,1,1.0,2,4,1,1,0,1
24,2,6,4591,4,3.0,2,4,3,3.0,54,3,1.0,3,1,1,1,0,0
48,4,6,3844,5,4.0,4,4,3,4.0,34,3,2.0,1,3,2,0,0,0
27,2,6,3915,2,3.0,4,4,3,2.0,36,3,1.0,1,4,2,1,0,0
6,2,1,2108,2,4.0,2,3,3,2.0,29,3,3.0,1,4,1,0,0,1
45,2,1,3031,5,3.0,4,4,4,4.0,21,3,3.0,1,4,1,0,0,0
9,1,2,1501,2,2.0,2,1,3,3.0,34,3,1.0,2,1,1,1,0,0
6,1,1,1382,2,3.0,1,1,3,1.0,28,3,1.0,2,4,1,1,0,1
12,2,3,951,5,1.0,4,1,3,4.0,27,1,3.0,4,4,1,0,0,0
9,1,2,936,3,2.0,4,4,3,2.0,52,3,1.0,2,4,1,1,0,1
12,2,4,1168,2,3.0,4,3,3,3.0,27,3,1.0,1,3,1,0,0,1
27,3,6,5117,2,4.0,3,4,3,4.0,26,3,1.0,2,4,1,0,0,1
12,2,10,902,2,4.0,4,3,3,4.0,21,3,3.0,1,4,1,0,0,0
12,1,4,1495,2,2.0,4,4,3,1.0,38,3,1.0,2,3,2,0,0,1
30,1,5,10623,2,2.0,3,4,3,4.0,38,3,2.0,3,1,2,1,0,1
12,1,3,1935,2,2.0,4,4,3,4.0,43,3,1.0,3,4,1,1,0,1
12,1,7,1424,2,4.0,4,4,3,3.0,26,3,1.0,1,4,1,0,0,1
24,2,6,6568,2,3.0,2,3,3,2.0,21,2,1.0,1,3,1,0,0,1
12,2,5,1413,4,4.0,3,4,3,2.0,55,3,1.0,1,4,1,0,1,1
24,0,3,3972,2,4.0,2,1,3,4.0,25,3,3.0,1,4,1,1,0,1
21,1,3,2288,2,3.0,4,1,3,4.0,23,3,1.0,1,4,1,1,0,1
8,2,1,1414,2,3.0,4,4,4,2.0,33,3,1.0,1,999,1,0,1,1
9,1,1,3074,1,3.0,1,4,3,2.0,33,3,1.0,2,4,2,0,0,1
36,2,1,3835,1,2.0,2,1,3,4.0,45,3,1.0,1,3,1,1,0,1
27,4,6,5293,2,5.0,2,4,3,4.0,50,2,1.0,2,4,1,1,0,0
30,3,6,1908,2,2.0,4,4,3,4.0,66,3,1.0,1,1,1,1,0,0
36,1,1,3342,1,2.0,4,4,3,2.0,51,3,1.0,1,4,1,1,0,1
6,1,10,932,1,4.0,1,1,3,3.0,39,3,1.0,2,3,1,0,0,1
18,4,6,3104,2,4.0,3,4,3,1.0,31,1,1.0,1,4,1,1,0,1
36,2,1,3913,2,3.0,2,4,3,2.0,23,3,1.0,1,4,1,1,0,1
24,2,3,3021,2,3.0,2,2,3,2.0,24,3,3.0,1,3,1,0,0,1
10,2,4,1364,2,3.0,2,1,3,4.0,64,3,1.0,1,4,1,1,0,1
12,2,1,625,2,1.0,4,3,4,1.0,26,1,1.0,1,3,1,0,0,1
12,2,2,1200,1,3.0,4,1,3,4.0,23,1,3.0,1,4,1,1,0,1
12,2,1,707,2,3.0,4,4,3,2.0,30,1,1.0,2,4,1,0,0,1
24,3,6,2978,1,3.0,4,4,3,4.0,32,3,1.0,2,4,2,1,0,1
15,2,5,4657,2,3.0,3,4,3,2.0,30,3,1.0,1,4,1,1,0,1
36,4,8,2613,2,3.0,4,4,3,2.0,27,3,1.0,2,4,1,0,0,1
48,2,1,10961,4,4.0,1,4,2,2.0,27,1,1.0,2,4,1,1,0,0
12,2,3,7865,2,2.0,4,4,3,4.0,53,3,2.0,1,1,1,1,0,0
9,2,1,1478,2,4.0,4,4,3,2.0,22,3,1.0,1,4,1,0,0,0
24,2,3,3149,2,1.0,4,4,3,1.0,22,1,2.0,1,4,1,0,0,1
36,2,1,4210,2,3.0,4,4,3,2.0,26,3,1.0,1,4,1,0,0,0
9,2,4,2507,3,2.0,2,4,3,4.0,51,3,2.0,1,3,1,0,0,1
4,1,1,1544,2,4.0,2,4,3,1.0,42,3,1.0,3,3,2,0,0,1
24,2,1,1823,2,5.0,4,4,3,2.0,30,2,1.0,1,1,2,0,0,0
6,2,4,14555,1,5.0,1,4,3,2.0,23,3,1.0,1,2,1,1,0,0
21,2,6,2767,5,2.0,4,2,3,2.0,61,1,3.0,2,3,1,0,0,0
12,1,1,1291,2,3.0,4,1,3,2.0,35,3,1.0,2,4,1,0,0,1
30,2,1,2522,2,2.0,1,4,4,3.0,39,3,1.0,1,4,2,0,0,1
24,2,4,915,1,2.0,4,1,3,2.0,29,1,1.0,1,4,1,0,0,0
6,2,1,1595,2,4.0,3,4,3,2.0,51,3,1.0,1,4,2,0,0,1
48,4,5,4605,2,2.0,3,4,3,4.0,24,3,2.0,2,4,2,0,0,0
12,1,6,1185,2,3.0,3,1,3,2.0,27,3,1.0,2,4,1,0,0,1
12,5,10,3447,3,3.0,4,1,3,3.0,35,3,1.0,1,3,2,0,0,1
24,2,6,1258,2,4.0,4,4,3,1.0,25,3,1.0,1,4,1,1,0,1
12,1,1,717,2,2.0,4,4,3,4.0,52,3,1.0,3,4,1,0,0,1
6,4,4,1204,5,3.0,4,4,3,1.0,35,1,3.0,1,4,1,0,1,1
24,2,3,1925,2,3.0,2,4,3,2.0,26,3,1.0,1,4,1,0,0,1
18,2,1,433,2,5.0,3,1,2,4.0,22,3,3.0,1,4,1,0,0,0
6,1,4,666,4,4.0,3,1,3,4.0,39,3,1.0,2,3,1,1,0,1
12,2,3,2251,2,3.0,1,1,3,2.0,46,3,1.0,1,3,1,0,0,1
30,2,4,2150,2,3.0,4,1,4,2.0,24,1,1.0,1,4,1,0,0,0
24,3,3,4151,5,3.0,2,4,3,3.0,35,3,1.0,2,4,1,0,0,1
9,2,3,2030,1,4.0,2,4,3,1.0,24,3,1.0,1,4,1,1,0,1
60,3,1,7418,1,3.0,1,4,3,1.0,27,3,1.0,1,3,1,0,0,1
24,1,1,2684,2,3.0,4,4,3,2.0,35,3,1.0,2,3,1,0,0,1
12,5,1,2149,2,3.0,4,2,3,1.0,29,3,2.0,1,4,1,0,0,0
15,2,5,3812,5,1.0,1,1,3,4.0,23,3,1.0,1,4,1,1,0,1
11,1,1,1154,5,5.0,4,1,3,4.0,57,3,1.0,3,3,1,0,0,1
12,2,3,1657,2,3.0,2,4,3,2.0,27,3,1.0,1,4,1,0,0,1
24,2,1,1603,2,2.0,4,1,3,4.0,55,3,1.0,1,4,1,0,0,1
18,1,4,5302,2,2.0,2,4,3,4.0,36,3,2.0,3,1,1,1,0,1
12,1,2,2748,2,2.0,2,1,3,4.0,57,1,2.0,3,3,1,0,0,1
10,1,4,1231,2,2.0,3,4,3,4.0,32,3,1.0,2,3,2,0,1,1
15,2,1,802,2,2.0,4,4,3,3.0,37,3,1.0,1,4,2,0,0,0
36,1,6,6304,1,2.0,4,4,3,4.0,36,3,1.0,2,4,1,0,0,1
24,2,1,1533,2,1.0,4,1,3,3.0,38,2,1.0,1,4,1,1,0,1
14,2,4,8978,2,2.0,1,2,3,4.0,45,3,1.0,1,1,1,1,1,0
18,2,4,2662,1,4.0,4,4,3,3.0,32,3,1.0,1,4,1,0,1,1
12,1,3,1402,3,4.0,3,1,3,4.0,37,3,3.0,1,4,1,1,0,1
48,5,4,12169,1,5.0,4,4,2,4.0,36,3,2.0,1,1,1,1,0,1
48,2,1,3060,2,4.0,4,4,3,4.0,28,3,1.0,2,4,1,0,0,0
30,2,8,11998,2,1.0,1,2,3,1.0,34,3,1.0,1,3,1,1,0,0
9,2,1,2697,2,3.0,1,4,3,2.0,32,3,1.0,1,4,2,0,0,1
18,1,1,2404,2,3.0,2,1,3,2.0,26,3,1.0,2,4,1,0,0,1
12,2,3,1262,1,2.0,2,2,3,4.0,49,3,1.0,1,3,1,1,0,1
6,2,3,4611,2,1.0,1,1,3,4.0,32,3,1.0,1,4,1,0,0,0
24,2,1,1901,5,3.0,4,4,3,4.0,29,3,3.0,1,1,1,1,0,1
12,0,1,2141,5,4.0,3,4,3,1.0,35,3,1.0,1,4,1,0,0,1
15,1,5,3368,4,2.0,3,4,3,4.0,23,3,3.0,2,4,1,1,0,1
12,2,3,1574,2,3.0,4,4,3,2.0,50,3,1.0,1,4,1,0,0,1
18,5,1,1445,1,4.0,4,4,3,4.0,49,1,1.0,1,3,1,0,0,1
15,1,3,1520,1,2.0,4,4,3,4.0,63,3,1.0,1,4,1,0,0,1
24,1,4,3878,5,1.0,4,2,3,2.0,37,3,1.0,1,4,1,1,0,1
47,2,4,10722,2,1.0,1,1,3,1.0,35,3,1.0,1,3,1,1,0,1
48,2,5,4788,2,4.0,4,4,3,3.0,26,3,1.0,1,4,2,0,0,1
48,3,9,7582,5,5.0,2,4,3,4.0,31,3,2.0,1,1,1,1,0,1
12,2,1,1092,2,3.0,4,1,4,4.0,49,3,1.0,2,4,1,1,0,1
24,3,1,1024,2,1.0,4,3,3,4.0,48,2,1.0,1,4,1,0,0,0
12,2,6,1076,2,3.0,2,3,3,2.0,26,3,1.0,1,4,1,1,1,1
36,2,5,9398,2,1.0,1,3,3,4.0,28,3,3.0,1,1,1,1,0,0
24,1,5,6419,2,2.0,2,1,3,4.0,44,3,2.0,2,1,2,1,0,1
42,1,5,4796,2,2.0,4,4,3,4.0,56,3,2.0,1,4,1,0,0,1
48,1,6,7629,1,2.0,4,2,3,2.0,46,1,1.0,2,1,2,0,0,1
48,2,3,9960,2,1.0,1,1,3,2.0,26,3,1.0,1,4,1,1,0,0
12,2,5,4675,1,1.0,1,1,3,4.0,20,3,3.0,1,4,1,0,0,1
10,2,4,1287,1,2.0,4,4,2,2.0,45,3,1.0,1,3,1,0,1,1
18,2,3,2515,2,3.0,3,4,3,4.0,43,3,1.0,1,4,1,1,0,1
21,1,3,2745,4,4.0,3,4,3,2.0,32,3,1.0,2,4,1,1,0,1
6,2,4,672,2,5.0,1,1,3,4.0,54,3,1.0,1,2,1,1,0,1
36,4,1,3804,2,3.0,4,1,3,1.0,42,3,1.0,1,4,1,1,0,0
24,1,4,1344,1,4.0,4,4,3,2.0,37,1,1.0,2,3,2,0,0,0
10,1,4,1038,2,4.0,4,4,2,3.0,49,3,1.0,2,4,1,1,0,1
48,1,4,10127,3,3.0,2,4,3,2.0,44,1,2.0,1,4,1,0,0,0
6,2,3,1543,4,3.0,4,2,3,2.0,33,3,1.0,1,4,1,0,0,1
30,2,5,4811,1,4.0,2,1,3,4.0,24,2,3.0,1,3,1,0,0,1
12,2,1,727,5,1.0,4,3,3,3.0,33,3,1.0,1,3,1,1,0,0
8,2,3,1237,2,3.0,3,1,3,4.0,24,3,1.0,1,4,1,0,0,0
9,2,4,276,2,3.0,4,3,3,4.0,22,3,3.0,1,3,1,0,0,1
48,2,9,5381,1,5.0,3,4,3,4.0,40,1,2.0,1,2,1,1,0,1
24,2,3,5511,5,3.0,4,4,3,1.0,25,2,1.0,1,4,1,0,0,1
24,2,3,3749,2,1.0,2,1,3,4.0,26,3,1.0,1,4,1,0,0,1
12,2,4,685,2,4.0,2,3,3,3.0,25,1,1.0,1,3,1,0,0,0
4,2,4,1494,1,1.0,1,4,3,2.0,29,3,1.0,1,3,2,0,1,1
36,5,3,2746,2,2.0,4,4,3,4.0,31,1,1.0,1,4,1,0,0,0
12,2,3,708,2,3.0,2,4,4,3.0,38,3,1.0,1,3,2,0,0,1
24,2,3,4351,1,3.0,1,1,3,4.0,48,3,1.0,1,3,1,1,0,1
12,1,2,701,2,3.0,4,4,3,2.0,32,3,1.0,2,4,1,0,0,1
15,3,3,3643,2,2.0,1,1,3,4.0,27,3,1.0,2,3,1,0,0,1
30,1,4,4249,2,5.0,4,3,3,2.0,28,3,1.0,2,1,1,0,0,0
24,2,1,1938,2,1.0,4,2,3,3.0,32,3,1.0,1,4,1,0,0,0
24,2,5,2910,2,4.0,2,4,3,1.0,34,3,2.0,1,1,1,1,0,1
18,2,3,2659,4,3.0,4,4,3,2.0,28,3,1.0,1,4,1,0,0,1
18,1,4,1028,2,3.0,4,1,3,3.0,36,3,1.0,2,4,1,0,0,1
8,1,4,3398,2,4.0,1,4,3,4.0,39,3,1.0,2,3,1,0,1,1
12,1,3,5801,1,2.0,2,4,3,4.0,49,3,3.0,1,4,1,1,0,1
24,2,4,1525,4,4.0,4,1,3,3.0,34,3,1.0,1,4,2,1,0,1
36,2,1,4473,2,2.0,4,4,3,2.0,31,3,1.0,1,4,1,0,0,1
6,2,1,1068,2,2.0,4,4,3,4.0,28,3,1.0,1,4,2,0,0,1
24,1,5,6615,2,5.0,2,4,3,4.0,75,3,2.0,2,1,1,1,0,1
18,1,2,1864,5,3.0,4,1,3,2.0,30,3,1.0,2,4,1,0,0,0
60,2,4,7408,5,1.0,4,1,3,2.0,24,3,1.0,1,1,1,0,0,0
48,1,5,11590,5,3.0,2,1,3,4.0,24,1,3.0,2,3,1,0,0,0
24,4,3,4110,2,2.0,3,4,3,4.0,23,1,3.0,2,4,2,0,0,0
6,1,3,3384,2,3.0,1,2,3,4.0,44,3,3.0,1,1,1,1,0,0
13,2,1,2101,2,1.0,2,1,4,4.0,23,3,1.0,1,3,1,0,0,1
15,2,7,1275,1,3.0,4,1,3,2.0,24,3,3.0,1,4,1,0,0,0
24,2,3,4169,2,3.0,4,4,3,4.0,28,3,1.0,1,4,1,0,0,1
10,2,3,1521,2,3.0,4,2,3,2.0,31,3,1.0,1,3,1,0,0,1
24,1,2,5743,2,1.0,2,1,3,4.0,24,3,2.0,2,4,1,1,0,1
21,2,3,3599,2,4.0,1,1,3,4.0,26,3,3.0,1,3,1,0,0,1
18,2,1,3213,3,1.0,1,3,3,3.0,25,3,3.0,1,4,1,0,0,1
18,2,6,4439,2,2.0,1,4,2,1.0,33,1,1.0,1,1,1,1,0,1
10,2,4,3949,2,1.0,1,4,4,1.0,37,3,1.0,1,3,2,0,0,1
15,1,1,1459,2,3.0,4,1,3,2.0,43,3,1.0,1,3,1,0,0,1
13,1,1,882,2,1.0,4,4,4,4.0,23,3,1.0,2,4,1,0,0,1
24,2,1,3758,3,5.0,1,1,3,4.0,23,3,3.0,1,2,1,0,0,1
6,3,6,1743,5,3.0,1,4,3,2.0,34,3,1.0,2,3,1,0,0,1
9,2,7,1236,2,1.0,1,1,3,4.0,23,3,3.0,1,4,1,1,0,1
9,2,3,959,2,3.0,1,1,3,2.0,29,3,1.0,1,4,1,0,1,0
18,1,5,3229,1,5.0,2,4,3,4.0,38,3,1.0,1,1,1,1,0,1
12,4,1,6199,2,3.0,4,4,3,2.0,28,3,3.0,2,4,1,1,0,0
10,2,2,727,3,2.0,4,4,3,4.0,46,3,2.0,1,4,1,1,0,1
12,1,1,2331,1,2.0,1,4,2,4.0,49,3,1.0,1,4,1,1,0,1
36,3,1,4463,2,3.0,4,4,3,2.0,26,3,1.0,2,1,1,1,0,0
12,2,1,776,2,3.0,4,3,3,2.0,28,3,1.0,1,4,1,0,0,1
30,2,3,2406,2,4.0,4,1,3,4.0,23,3,3.0,1,4,1,0,0,0
18,2,2,1239,1,3.0,4,4,3,4.0,61,3,2.0,1,4,1,0,0,1
12,2,1,3399,1,2.0,2,4,3,3.0,37,3,1.0,1,1,1,0,0,1
12,3,4,2247,2,3.0,2,1,3,2.0,36,2,1.0,2,4,1,1,0,1
6,2,3,1766,2,3.0,1,3,3,2.0,21,3,3.0,1,4,1,0,0,1
18,2,3,2473,2,5.0,4,4,3,1.0,25,3,1.0,1,2,1,0,0,0
12,2,6,1542,2,4.0,2,4,3,4.0,36,3,1.0,1,4,1,1,0,1
18,1,5,3850,2,4.0,3,4,3,1.0,27,3,1.0,2,4,1,0,0,1
18,2,3,3650,2,1.0,1,1,3,4.0,22,3,3.0,1,4,1,0,0,1
36,2,3,3446,2,2.0,4,4,3,2.0,42,3,1.0,1,4,2,0,0,0
18,2,3,3001,2,4.0,2,1,3,4.0,40,3,3.0,1,4,1,0,0,1
36,2,4,3079,1,3.0,4,4,3,4.0,36,3,1.0,1,4,1,0,0,1
18,1,1,6070,2,2.0,3,4,3,4.0,33,3,1.0,2,4,1,1,0,1
10,1,3,2146,2,1.0,1,1,3,3.0,23,3,3.0,2,4,1,0,0,1
60,1,4,13756,1,2.0,2,4,3,4.0,63,1,2.0,1,1,1,1,0,1
60,5,9,14782,5,2.0,3,1,3,4.0,60,1,2.0,2,1,1,1,0,0
48,5,6,7685,2,4.0,2,1,4,4.0,37,3,3.0,1,4,1,0,0,0
18,3,1,2320,2,5.0,2,3,3,3.0,34,3,1.0,2,4,1,0,0,1
7,3,1,846,1,2.0,3,4,3,4.0,36,3,2.0,1,4,1,0,0,1
36,2,4,14318,2,2.0,4,4,3,2.0,57,3,2.0,1,1,1,1,0,0
6,1,4,362,5,3.0,4,1,3,4.0,52,3,1.0,2,3,1,0,0,1
20,2,3,2212,1,4.0,4,4,3,4.0,39,3,1.0,1,4,1,1,0,1
18,2,5,12976,2,5.0,3,1,3,4.0,38,3,2.0,1,1,1,1,0,0
22,2,4,1283,1,4.0,4,1,3,4.0,25,3,3.0,1,4,1,0,0,1
12,2,4,1330,2,1.0,4,4,3,1.0,26,3,1.0,1,4,1,0,0,1
30,3,6,4272,5,3.0,2,4,3,2.0,26,3,1.0,2,3,1,0,0,1
18,1,1,2238,2,3.0,2,1,3,1.0,25,3,1.0,2,4,1,0,0,1
18,2,1,1126,1,1.0,4,1,3,2.0,21,3,3.0,1,4,1,1,0,1
18,1,3,7374,2,5.0,4,4,3,4.0,40,2,1.0,2,1,1,1,0,1
15,1,6,2326,3,3.0,2,4,3,4.0,27,1,1.0,1,4,1,0,0,1
9,2,6,1449,2,4.0,3,1,3,2.0,27,3,1.0,2,4,1,0,0,1
18,2,4,1820,2,3.0,2,3,3,2.0,30,3,1.0,1,1,1,1,0,1
12,2,3,983,4,1.0,1,1,3,4.0,19,3,3.0,1,3,1,0,0,1
36,2,4,3249,2,4.0,2,4,3,4.0,39,1,2.0,1,1,2,1,0,1
6,1,1,1957,2,4.0,1,1,3,4.0,31,3,1.0,1,4,1,0,0,1
12,2,3,2578,2,5.0,3,1,3,4.0,55,3,2.0,1,1,1,0,0,1
36,1,3,2348,2,3.0,3,3,3,2.0,46,3,1.0,2,4,1,1,0,1
12,2,4,1223,2,2.0,1,2,3,1.0,46,3,3.0,2,4,1,0,0,0
24,1,1,1516,4,3.0,4,1,3,1.0,43,3,1.0,2,3,1,0,0,1
18,2,1,1473,2,1.0,3,3,3,4.0,39,3,1.0,1,4,1,1,0,1
18,1,6,1887,1,3.0,4,3,3,4.0,28,1,1.0,2,4,1,0,0,1
24,3,6,8648,2,1.0,2,4,3,2.0,27,1,1.0,2,4,1,1,0,0
14,3,4,802,2,3.0,4,4,3,2.0,27,3,1.0,2,3,1,0,0,1
18,3,4,2899,1,2.0,4,4,3,4.0,43,3,1.0,1,4,2,0,0,1
24,2,1,2039,2,1.0,1,3,3,1.0,22,3,1.0,1,4,1,1,0,0
24,1,5,2197,1,4.0,4,4,3,4.0,43,3,1.0,2,4,2,1,0,1
15,2,1,1053,2,1.0,4,3,3,2.0,27,3,1.0,1,4,1,0,1,1
24,2,1,3235,3,2.0,3,2,3,2.0,26,3,1.0,1,1,1,1,0,1
12,1,4,939,3,4.0,4,3,3,2.0,28,3,1.0,3,4,1,1,0,0
24,2,1,1967,2,2.0,4,1,3,4.0,20,3,1.0,1,4,1,1,0,1
12,1,6,2292,2,5.0,4,4,3,2.0,42,2,1.0,2,1,1,1,0,0
10,2,4,1597,3,3.0,3,4,3,2.0,40,3,3.0,1,3,2,0,1,1
24,2,4,1381,1,3.0,4,1,3,2.0,35,3,1.0,1,4,1,0,0,0
36,1,5,5842,2,2.0,2,4,3,2.0,35,3,1.0,2,4,2,1,0,1
12,2,4,2579,2,1.0,4,4,3,1.0,33,3,1.0,1,3,2,0,0,0
18,3,2,8471,1,3.0,1,1,3,2.0,23,3,3.0,2,4,1,1,0,1
21,2,4,2782,3,4.0,1,1,3,2.0,31,1,1.0,1,1,1,0,0,1
18,2,4,1042,1,3.0,4,1,3,2.0,33,3,1.0,1,4,1,0,0,0
9,0,3,2406,2,5.0,2,4,3,3.0,31,3,1.0,1,1,1,0,0,1
33,1,5,7253,2,4.0,3,4,3,2.0,35,3,1.0,2,999,1,1,0,1
15,2,4,3186,4,4.0,2,1,3,3.0,20,3,3.0,1,4,1,0,0,1
12,2,5,2028,1,3.0,4,4,3,2.0,30,3,1.0,1,4,1,0,0,1
12,1,4,958,2,4.0,2,4,3,3.0,47,3,1.0,2,3,2,0,0,1
21,3,3,1591,5,4.0,4,4,3,3.0,34,3,1.0,2,1,1,0,0,1
12,2,3,2762,1,2.0,1,1,3,2.0,25,1,1.0,1,4,1,1,0,0
18,2,5,2779,2,3.0,1,3,3,3.0,21,3,3.0,1,4,1,1,0,1
28,1,1,2743,2,2.0,4,4,3,2.0,29,3,1.0,2,4,1,0,0,1
18,1,1,1149,4,3.0,4,4,3,3.0,46,3,1.0,2,4,1,0,0,1
9,2,3,1313,2,2.0,1,4,3,4.0,20,3,1.0,1,4,1,0,0,1
18,1,8,1190,2,5.0,2,1,3,4.0,55,3,2.0,3,2,2,0,0,0
5,2,6,3448,2,4.0,1,4,3,4.0,74,3,1.0,1,3,1,0,0,1
24,2,9,11328,2,3.0,2,4,2,3.0,29,1,1.0,2,1,1,1,0,0
6,1,3,1872,2,5.0,4,4,3,4.0,36,3,2.0,3,1,1,1,0,1
24,1,8,2058,2,3.0,4,2,3,2.0,33,3,1.0,2,4,1,1,0,1
9,2,3,2136,2,3.0,3,4,3,2.0,25,3,1.0,1,4,1,0,0,1
12,2,1,1484,1,3.0,2,3,3,1.0,25,3,1.0,1,4,1,1,0,0
6,2,8,660,3,4.0,2,3,3,4.0,23,3,3.0,1,3,1,0,0,1
24,1,4,1287,4,2.0,4,1,3,4.0,37,3,1.0,2,4,1,1,0,1
42,1,8,3394,2,5.0,4,4,2,4.0,65,3,1.0,2,2,1,0,0,1
12,5,6,609,2,1.0,4,1,3,1.0,26,3,1.0,1,2,1,0,0,0
12,2,4,1884,2,2.0,4,4,3,4.0,39,3,1.0,1,1,1,1,0,1
12,2,3,1620,2,3.0,2,1,2,3.0,30,3,1.0,1,4,1,0,0,1
20,3,9,2629,2,3.0,2,4,3,3.0,29,1,1.0,2,4,1,1,0,1
12,2,2,719,2,2.0,4,4,3,4.0,41,1,1.0,1,3,2,0,0,0
48,1,3,5096,2,3.0,2,1,3,3.0,30,3,1.0,1,1,1,1,0,0
9,1,2,1244,1,2.0,4,1,3,4.0,41,3,3.0,2,3,1,0,0,1
36,2,4,1842,2,1.0,4,1,3,4.0,34,3,1.0,1,4,1,1,0,0
7,2,1,2576,2,3.0,2,4,4,2.0,35,3,1.0,1,4,1,0,0,1
12,2,3,1424,1,2.0,3,1,3,4.0,55,3,1.0,1,1,1,1,0,1
15,3,8,1512,4,3.0,3,3,3,3.0,61,2,1.0,2,4,1,0,0,0
36,1,5,11054,1,3.0,4,4,3,2.0,30,3,1.0,1,1,1,1,0,1
6,2,1,518,2,3.0,3,1,3,1.0,29,3,1.0,1,4,1,0,0,1
12,4,3,2759,2,2.0,2,4,3,4.0,34,3,1.0,2,4,1,0,0,1
24,2,5,2670,2,2.0,4,4,3,4.0,35,3,1.0,1,1,1,1,0,1
24,2,4,4817,2,4.0,2,4,2,3.0,31,3,1.0,1,4,1,1,0,0
24,2,5,2679,2,1.0,4,1,3,1.0,29,3,1.0,1,1,1,1,0,1
11,1,4,3905,2,3.0,2,4,3,2.0,36,3,3.0,2,4,2,0,0,1
12,2,5,3386,2,2.0,3,4,3,4.0,35,3,2.0,1,4,1,1,0,0
6,2,7,343,2,1.0,4,1,3,1.0,27,3,1.0,1,4,1,0,0,1
18,2,1,4594,2,1.0,3,4,3,2.0,32,3,1.0,1,4,1,1,0,1
36,2,3,3620,2,3.0,1,4,4,2.0,37,3,1.0,1,4,2,0,0,1
15,2,4,1721,2,1.0,2,4,3,3.0,36,3,1.0,1,4,1,0,0,1
12,2,3,3017,2,1.0,3,1,3,1.0,34,3,3.0,1,1,1,0,0,1
12,2,10,754,1,2.0,4,4,3,4.0,38,3,1.0,2,4,1,0,0,1
18,2,6,1950,2,4.0,4,4,3,1.0,34,2,1.0,2,4,1,1,0,1
24,2,5,2924,2,3.0,3,4,4,4.0,63,1,1.0,1,4,2,1,0,1
24,3,1,1659,2,1.0,4,1,3,2.0,29,3,3.0,1,3,1,1,0,0
48,3,1,7238,1,2.0,3,4,3,3.0,32,1,1.0,2,4,2,0,0,1
33,3,6,2764,2,3.0,2,1,3,2.0,26,3,1.0,2,4,1,1,0,1
24,3,5,4679,2,4.0,3,4,3,3.0,35,3,1.0,2,3,1,1,0,1
24,2,1,3092,5,1.0,3,3,3,2.0,22,3,3.0,1,4,1,1,0,0
6,2,2,448,2,1.0,4,1,3,4.0,23,3,1.0,1,4,1,0,0,0
9,2,4,654,2,3.0,4,4,3,3.0,28,3,1.0,1,3,1,0,0,0
18,1,1,1245,2,3.0,4,3,3,2.0,33,3,1.0,1,4,1,0,0,0
18,4,3,3114,2,1.0,1,1,3,4.0,26,3,3.0,1,4,1,0,0,0
39,2,5,2569,3,3.0,4,4,3,4.0,24,3,1.0,1,4,1,0,0,1
24,2,1,5152,2,4.0,4,4,3,2.0,25,1,1.0,1,4,1,0,0,1
12,2,6,1037,5,4.0,3,4,3,4.0,39,3,1.0,1,3,1,0,0,1
15,1,3,1478,2,2.0,4,4,3,4.0,44,3,1.0,2,4,2,1,0,1
12,1,1,3573,2,3.0,1,1,3,1.0,23,3,1.0,1,3,1,0,0,1
24,2,4,1201,2,1.0,4,4,3,1.0,26,3,1.0,1,4,1,0,0,1
30,2,3,3622,4,2.0,4,1,3,4.0,57,3,3.0,2,4,1,1,0,1
15,3,3,960,4,4.0,3,1,3,2.0,30,3,1.0,2,4,1,0,0,1
12,1,4,1163,3,3.0,4,4,3,4.0,44,3,1.0,1,4,1,1,0,1
6,3,4,1209,2,5.0,4,4,3,4.0,47,3,1.0,1,1,1,1,0,0
12,2,1,3077,2,3.0,2,4,3,4.0,52,3,1.0,1,4,1,1,0,1
24,2,4,3757,2,2.0,4,1,2,4.0,62,3,2.0,1,4,1,1,0,1
10,2,4,1418,5,3.0,3,4,3,2.0,35,3,3.0,1,3,1,0,1,1
6,2,4,3518,2,3.0,2,4,4,3.0,26,3,3.0,1,4,1,0,0,1
12,1,1,1934,2,2.0,2,4,3,2.0,26,3,1.0,2,4,1,0,0,1
27,4,6,8318,2,2.0,2,1,3,4.0,42,3,2.0,2,1,1,1,0,0
6,1,1,1237,5,3.0,1,1,3,1.0,27,3,1.0,2,4,1,0,0,1
6,2,1,368,1,2.0,4,4,3,4.0,38,3,1.0,1,4,1,0,0,1
12,1,4,2122,2,3.0,3,4,3,2.0,39,3,3.0,2,3,2,0,1,1
24,2,3,2996,1,3.0,2,3,3,4.0,20,3,1.0,1,4,1,0,0,0
36,2,3,9034,5,1.0,4,4,2,1.0,29,3,3.0,1,1,1,1,0,0
24,1,3,1585,2,4.0,4,4,3,3.0,40,3,1.0,2,4,1,0,0,1
6,1,4,1323,5,2.0,2,2,3,4.0,28,3,1.0,2,4,2,1,0,1
24,2,4,3123,2,1.0,4,1,3,1.0,27,3,1.0,1,4,1,0,0,0
36,2,5,5493,2,2.0,2,4,3,4.0,42,3,2.0,1,4,2,0,0,1
9,2,1,1126,5,2.0,2,2,3,4.0,49,3,1.0,1,4,1,0,0,1
24,1,1,1216,5,1.0,4,4,3,4.0,38,1,1.0,2,4,2,0,0,0
10,2,4,1309,1,3.0,4,4,4,4.0,27,3,1.0,1,3,1,0,0,0
15,1,5,2360,3,3.0,2,4,3,2.0,36,3,1.0,1,4,1,1,0,1
15,5,4,6850,5,5.0,1,4,3,2.0,34,3,1.0,1,1,2,1,0,0
24,2,1,1413,2,3.0,4,3,3,2.0,28,3,1.0,1,4,1,0,0,1
39,2,5,8588,5,2.0,4,4,3,2.0,45,3,1.0,1,1,1,1,0,1
12,2,4,759,2,4.0,4,4,3,2.0,26,3,1.0,1,4,1,0,0,0
36,2,5,4686,2,3.0,2,4,3,2.0,32,3,2.0,1,1,1,1,0,1
15,2,6,2687,2,4.0,2,4,3,4.0,26,3,3.0,1,4,1,1,0,1
12,3,1,585,2,3.0,4,3,3,4.0,20,3,3.0,2,4,1,0,0,1
24,2,4,2255,1,1.0,4,4,3,1.0,54,3,1.0,1,4,1,0,0,1
6,1,4,609,2,4.0,4,1,3,3.0,37,3,1.0,2,4,1,0,1,1
6,1,4,1361,2,1.0,2,4,3,4.0,40,3,1.0,1,3,2,0,1,1
36,1,3,7127,2,1.0,2,1,3,4.0,23,3,3.0,2,4,1,1,0,0
6,2,4,1203,5,2.0,3,4,3,2.0,43,3,1.0,1,4,1,1,0,1
6,1,1,700,1,2.0,4,4,3,4.0,36,3,2.0,2,4,1,0,0,1
24,1,8,5507,2,2.0,3,4,3,4.0,44,3,2.0,2,4,1,0,0,1
18,2,1,3190,2,3.0,2,1,3,2.0,24,3,1.0,1,4,1,0,0,0
48,4,3,7119,2,3.0,3,4,3,4.0,53,3,2.0,2,4,2,0,0,0
24,2,5,3488,5,4.0,3,1,3,4.0,23,3,1.0,1,4,1,0,0,1
18,2,1,1113,2,3.0,4,1,4,4.0,26,3,1.0,1,3,2,0,0,1
26,2,5,7966,2,1.0,2,4,3,3.0,30,3,1.0,2,4,1,0,0,1
15,1,2,1532,5,3.0,4,1,3,3.0,31,3,1.0,1,4,1,0,0,1
4,1,1,1503,2,4.0,2,4,3,1.0,42,3,1.0,2,3,2,0,0,1
36,2,1,2302,2,3.0,4,2,3,4.0,31,3,3.0,1,4,1,0,0,0
6,2,4,662,2,1.0,3,4,3,4.0,41,3,1.0,1,3,2,1,0,1
36,2,2,2273,2,4.0,3,4,3,1.0,32,3,1.0,2,4,2,0,0,1
15,2,4,2631,5,3.0,2,1,3,4.0,28,3,3.0,2,4,1,1,0,0
12,3,5,1503,2,3.0,4,3,3,4.0,41,3,3.0,1,4,1,0,0,1
24,2,1,1311,5,4.0,4,3,3,3.0,26,3,1.0,1,4,1,1,0,1
24,2,1,3105,1,1.0,4,4,3,2.0,25,3,1.0,2,4,1,0,0,1
21,1,2,2319,2,1.0,2,2,3,1.0,33,3,3.0,1,4,1,0,0,0
6,2,4,1374,1,5.0,4,1,3,3.0,75,3,1.0,1,1,1,1,0,1
18,1,3,3612,2,2.0,3,1,3,4.0,37,3,1.0,1,4,1,1,0,1
48,2,4,7763,2,2.0,4,4,3,4.0,42,1,2.0,1,1,1,0,0,0
18,2,3,3049,2,1.0,1,1,3,1.0,45,2,1.0,1,3,1,0,0,1
12,2,1,1534,2,1.0,1,3,3,1.0,23,3,3.0,1,4,1,0,0,0
24,3,4,2032,2,2.0,4,4,3,4.0,60,3,2.0,2,4,1,1,0,1
30,2,3,6350,1,2.0,4,4,3,4.0,31,3,1.0,1,4,1,0,0,0
18,2,3,2864,2,3.0,2,4,3,1.0,34,3,1.0,1,3,2,0,0,0
12,1,4,1255,2,2.0,4,4,3,4.0,61,3,1.0,2,3,1,0,0,1
24,3,4,1333,2,5.0,4,4,3,2.0,43,3,2.0,2,4,2,0,0,0
24,1,4,2022,2,3.0,4,1,3,4.0,37,3,1.0,1,4,1,1,0,1
24,2,1,1552,2,4.0,3,4,3,1.0,32,1,1.0,1,4,2,0,0,1
12,5,1,626,2,3.0,4,1,3,4.0,24,1,1.0,1,3,1,0,0,0
48,1,5,8858,1,4.0,2,4,3,1.0,35,3,2.0,2,4,1,1,0,1
12,1,8,996,1,4.0,4,1,3,4.0,23,3,1.0,2,4,1,0,0,1
6,5,1,1750,3,2.0,2,4,3,4.0,45,1,1.0,1,3,2,0,0,1
48,2,1,6999,2,4.0,1,3,4,1.0,34,3,1.0,2,4,1,1,0,0
12,1,4,1995,5,1.0,4,4,3,1.0,27,3,1.0,1,4,1,0,0,1
9,2,2,1199,2,4.0,4,1,3,4.0,67,3,1.0,2,1,1,1,0,1
12,2,1,1331,2,1.0,2,4,3,1.0,22,2,1.0,1,4,1,0,0,0
18,4,4,2278,5,1.0,3,1,3,3.0,28,3,1.0,2,4,1,0,0,0
21,4,4,5003,1,3.0,1,1,3,4.0,29,1,1.0,2,4,1,1,0,0
24,5,3,3552,2,4.0,3,4,3,4.0,27,1,1.0,1,4,1,0,0,0
18,1,3,1928,2,1.0,2,4,3,2.0,31,3,1.0,2,3,1,0,0,0
24,2,5,2964,1,2.0,4,4,3,4.0,49,1,2.0,1,4,2,1,0,1
24,5,1,1546,2,4.0,4,4,4,4.0,24,1,3.0,1,3,1,0,0,0
6,3,1,683,2,1.0,2,1,3,1.0,29,1,1.0,1,4,1,0,0,1
36,2,4,12389,1,3.0,1,4,3,4.0,37,3,2.0,1,4,1,1,0,0
24,3,1,1553,5,4.0,3,1,3,2.0,23,3,3.0,2,4,1,1,0,1
12,2,4,1372,2,4.0,2,2,3,3.0,36,3,1.0,1,4,1,0,0,0
24,1,1,2578,4,2.0,2,4,3,2.0,34,3,1.0,1,4,1,0,0,1
48,2,1,3979,1,4.0,4,4,3,1.0,41,3,1.0,2,4,2,1,0,1
48,2,1,6758,2,3.0,3,1,3,2.0,31,3,1.0,1,4,1,1,0,0
24,2,3,3234,2,1.0,4,1,3,4.0,23,3,3.0,1,3,1,1,0,0
30,1,1,5954,2,4.0,3,4,2,2.0,38,3,1.0,1,4,1,0,0,1
24,2,5,5433,1,5.0,2,1,3,4.0,26,3,3.0,1,1,1,1,0,1
15,2,6,806,2,3.0,4,1,3,4.0,22,3,1.0,1,3,1,0,0,1
9,2,1,1082,2,2.0,4,4,3,4.0,27,3,1.0,2,3,1,0,0,1
15,1,3,2788,2,4.0,2,1,2,3.0,24,1,1.0,2,4,1,0,0,1
12,2,1,2930,2,4.0,2,1,3,1.0,27,3,1.0,1,4,1,0,0,1
24,1,2,1927,1,3.0,3,1,3,2.0,33,3,1.0,2,4,1,1,0,1
36,1,4,2820,2,1.0,4,2,3,4.0,27,3,1.0,2,4,1,0,0,0
24,2,10,937,2,1.0,4,3,3,3.0,27,3,1.0,2,3,1,0,0,1
18,1,4,1056,2,2.0,3,4,4,3.0,30,1,1.0,2,4,1,0,0,0
12,1,4,3124,2,1.0,1,4,3,3.0,49,1,1.0,2,3,2,0,0,1
9,2,3,1388,2,3.0,4,1,3,2.0,26,3,3.0,1,4,1,0,0,1
36,2,8,2384,2,1.0,4,4,3,1.0,33,3,3.0,1,3,1,0,0,0
12,2,4,2133,1,2.0,4,1,3,4.0,52,3,2.0,1,1,1,1,0,1
18,2,3,2039,2,3.0,1,1,3,4.0,20,1,3.0,1,4,1,0,0,0
9,1,4,2799,2,3.0,2,4,3,2.0,36,3,3.0,2,4,2,0,0,1
12,2,3,1289,2,3.0,4,4,4,1.0,21,3,1.0,1,3,1,0,0,1
18,2,7,1217,2,3.0,4,3,3,3.0,47,3,1.0,1,3,1,1,0,0
12,1,3,2246,2,2.0,3,4,3,3.0,60,3,1.0,2,4,1,0,0,0
12,1,1,385,2,4.0,4,1,3,3.0,58,3,1.0,4,3,1,1,0,1
24,3,4,1965,1,3.0,4,1,3,4.0,42,3,3.0,2,4,1,1,0,1
21,2,6,1572,4,2.0,4,1,3,4.0,36,1,1.0,1,3,1,0,0,1
24,2,4,2718,2,3.0,3,1,3,4.0,20,3,3.0,1,3,1,1,0,0
24,5,9,1358,1,2.0,4,4,3,3.0,40,2,1.0,1,1,1,1,0,0
6,5,4,931,5,1.0,1,1,3,1.0,32,2,1.0,1,3,1,0,0,0
24,2,4,1442,2,4.0,4,1,3,4.0,23,3,3.0,2,4,1,0,0,0
24,4,6,4241,2,3.0,1,4,3,4.0,36,3,1.0,3,3,1,1,0,0
18,1,4,2775,2,4.0,2,4,3,2.0,31,1,1.0,2,4,1,0,0,0
24,3,6,3863,2,3.0,1,4,3,2.0,32,3,2.0,1,4,1,0,0,1
7,2,1,2329,2,1.0,1,1,4,1.0,45,3,1.0,1,4,1,0,0,1
9,2,3,918,2,3.0,4,1,3,1.0,30,3,1.0,1,4,1,0,0,0
24,5,2,1837,2,4.0,4,1,3,4.0,34,1,2.0,1,3,1,0,0,0
36,2,3,3349,2,3.0,4,1,3,2.0,28,3,1.0,1,1,1,1,0,0
10,2,3,1275,2,1.0,4,1,3,2.0,23,3,1.0,1,4,1,0,0,1
24,5,3,2828,3,3.0,4,4,3,4.0,22,2,1.0,1,4,1,1,0,1
24,1,6,4526,2,3.0,3,4,3,2.0,74,3,1.0,1,1,1,1,0,1
36,2,1,2671,5,3.0,4,1,2,4.0,50,3,2.0,1,4,1,0,0,0
18,2,1,2051,2,1.0,4,4,3,1.0,33,3,1.0,1,4,1,0,0,1
15,2,5,1300,1,2.0,4,4,3,4.0,45,1,2.0,1,4,2,0,0,1
12,2,7,741,5,5.0,4,1,3,3.0,22,3,1.0,1,4,1,0,0,0
10,2,4,1240,5,2.0,1,1,3,4.0,48,3,2.0,1,3,2,0,0,0
21,2,1,3357,4,1.0,4,1,3,2.0,29,1,1.0,1,4,1,0,0,1
24,5,5,3632,2,3.0,1,1,4,4.0,22,1,3.0,1,4,1,0,1,1
18,3,3,1808,2,4.0,4,1,3,1.0,22,3,1.0,1,4,1,0,0,0
48,4,6,12204,1,3.0,2,4,3,2.0,48,1,1.0,1,1,1,1,0,1
60,3,1,9157,1,3.0,2,4,3,2.0,27,3,2.0,1,1,1,0,0,1
6,1,4,3676,2,3.0,1,4,3,3.0,37,3,3.0,3,4,2,0,0,1
30,2,3,3441,5,3.0,2,1,2,4.0,21,3,3.0,1,4,1,0,0,0
12,2,4,640,2,3.0,4,2,3,2.0,49,3,1.0,1,3,1,0,0,1
21,1,6,3652,2,4.0,2,4,3,3.0,27,3,1.0,2,4,1,0,0,1
18,1,4,1530,2,3.0,3,4,3,2.0,32,1,1.0,2,4,1,0,0,0
48,2,6,3914,1,3.0,4,2,3,2.0,38,1,1.0,1,4,1,0,0,0
12,2,3,1858,2,1.0,4,1,3,1.0,22,3,3.0,1,4,1,0,0,1
18,2,1,2600,2,3.0,4,4,3,4.0,65,3,2.0,2,4,1,0,0,0
15,2,1,1979,1,2.0,4,4,3,2.0,35,3,1.0,1,4,1,0,0,1
6,2,3,2116,2,3.0,2,4,3,2.0,41,3,1.0,1,4,1,1,0,1
9,5,4,1437,5,4.0,2,4,3,3.0,29,3,1.0,1,4,1,0,0,0
42,1,3,4042,3,3.0,4,4,3,4.0,36,3,1.0,2,4,1,1,0,1
9,2,2,3832,1,2.0,1,4,3,4.0,64,3,1.0,1,3,1,0,0,1
24,2,1,3660,2,3.0,2,1,3,4.0,28,3,1.0,1,4,1,0,0,1
18,5,3,1553,2,3.0,4,4,3,3.0,44,1,1.0,1,4,1,0,0,0
15,2,1,1444,1,1.0,4,4,3,1.0,23,3,1.0,1,4,1,0,0,1
9,2,3,1980,2,1.0,2,1,2,2.0,19,3,3.0,2,4,1,0,0,0
24,2,4,1355,2,1.0,3,1,3,4.0,25,3,1.0,1,3,1,1,0,0
12,2,2,1393,2,2.0,4,4,3,4.0,47,1,1.0,3,4,2,1,0,1
24,2,1,1376,3,4.0,4,1,3,1.0,28,3,1.0,1,4,1,0,0,1
60,3,1,15653,2,4.0,2,4,3,4.0,21,3,1.0,2,4,1,1,0,1
12,2,1,1493,2,1.0,4,1,3,3.0,34,3,1.0,1,4,2,0,0,1
42,3,1,4370,2,4.0,3,4,3,2.0,26,1,1.0,2,4,2,1,0,0
18,2,2,750,2,5.0,4,1,3,1.0,27,3,1.0,1,2,1,0,0,0
15,2,8,1308,2,2.0,4,4,3,4.0,38,3,1.0,2,3,1,0,0,1
15,2,2,4623,5,3.0,3,4,3,2.0,40,3,1.0,1,1,1,1,0,0
24,1,1,1851,2,4.0,4,3,4,2.0,33,3,1.0,2,4,1,1,0,1
18,1,1,1880,2,4.0,4,3,3,1.0,32,3,1.0,2,1,1,1,0,1
36,3,6,7980,1,1.0,4,4,3,4.0,27,3,3.0,2,4,1,1,0,0
30,4,3,4583,2,3.0,2,2,4,2.0,32,3,1.0,2,4,1,0,0,1
12,2,4,1386,3,3.0,2,1,3,2.0,26,3,1.0,1,4,1,0,0,0
24,2,4,947,2,4.0,4,4,3,3.0,38,1,2.0,1,4,2,0,0,0
48,2,2,7476,2,4.0,4,4,3,1.0,50,3,2.0,1,1,1,1,0,1
12,2,3,1922,2,3.0,4,4,3,2.0,37,3,1.0,1,3,1,0,0,0
24,2,4,2303,2,2.0,4,4,2,1.0,45,3,1.0,1,4,1,0,0,0
36,3,4,8086,5,2.0,2,4,3,4.0,42,3,1.0,4,1,1,1,0,0
24,1,5,2346,2,4.0,4,4,3,3.0,35,3,1.0,2,4,1,1,0,1
14,2,4,3973,2,5.0,1,4,3,4.0,22,3,2.0,1,4,1,0,0,1
12,2,4,888,2,2.0,4,4,3,4.0,41,1,1.0,1,3,2,0,0,0
48,2,1,10222,1,4.0,4,4,3,3.0,37,2,1.0,1,4,1,1,0,1
30,4,6,4221,2,3.0,2,1,3,1.0,28,3,1.0,2,4,1,0,0,1
18,1,3,6361,2,2.0,2,4,3,1.0,41,3,1.0,1,4,1,1,0,1
12,2,1,1297,2,3.0,3,3,3,4.0,23,3,3.0,1,4,1,0,0,1
12,2,4,900,1,3.0,4,3,3,2.0,23,3,1.0,1,4,1,0,0,0
21,2,3,2241,2,2.0,4,4,3,2.0,50,3,1.0,2,4,1,0,0,1
6,3,3,1050,2,5.0,4,4,3,1.0,35,2,1.0,2,1,1,1,0,1
6,1,2,1047,2,3.0,2,1,3,4.0,50,3,1.0,1,3,1,0,0,1
24,1,9,6314,2,5.0,4,4,2,2.0,27,1,1.0,2,1,1,1,0,1
30,5,3,3496,4,3.0,4,4,3,2.0,34,2,1.0,1,4,2,1,0,1
48,5,6,3609,2,3.0,1,1,3,1.0,27,2,1.0,1,4,1,0,0,1
12,1,4,4843,2,2.0,3,4,2,4.0,43,3,3.0,2,4,1,1,0,0
30,1,1,3017,2,2.0,4,4,3,4.0,47,3,1.0,1,4,1,0,0,1
24,1,6,4139,5,3.0,3,4,3,3.0,27,3,1.0,2,3,1,1,0,1
36,2,6,5742,5,4.0,2,4,3,2.0,31,3,1.0,2,4,1,1,0,1
60,2,4,10366,2,2.0,2,4,3,4.0,42,3,1.0,1,1,1,1,0,1
6,1,4,2080,3,3.0,1,3,3,2.0,24,3,1.0,1,4,1,0,0,1
21,3,6,2580,3,1.0,4,4,3,2.0,41,1,1.0,1,3,2,0,0,0
24,1,3,5150,2,2.0,4,4,3,4.0,33,3,1.0,1,4,1,1,0,1
72,2,1,5595,5,3.0,2,3,3,2.0,24,3,1.0,1,4,1,0,0,0
24,2,1,2384,2,2.0,4,4,3,4.0,64,1,3.0,1,3,1,0,0,1
18,2,1,1453,2,1.0,3,1,3,1.0,26,3,1.0,1,4,1,0,0,1
6,2,2,1538,2,1.0,1,1,3,2.0,56,3,1.0,1,4,1,0,0,1
12,2,1,2279,1,3.0,4,4,3,4.0,37,3,2.0,1,4,1,1,0,1
15,3,1,1478,2,3.0,4,3,3,3.0,33,1,1.0,2,4,1,0,0,1
24,1,1,5103,2,1.0,3,3,3,3.0,47,3,2.0,3,4,1,1,0,1
36,3,6,9857,5,4.0,1,4,3,3.0,31,3,1.0,2,3,2,1,0,1
60,2,4,6527,1,3.0,4,4,3,4.0,34,3,2.0,1,4,2,1,0,1
10,1,1,1347,1,4.0,4,4,3,2.0,27,3,1.0,2,4,1,1,0,1
36,3,4,2862,5,2.0,4,4,3,3.0,30,3,2.0,1,4,1,0,0,1
9,2,1,2753,5,2.0,3,4,2,4.0,35,3,1.0,1,4,1,1,0,1
12,2,4,3651,4,3.0,1,4,3,3.0,31,3,1.0,1,4,2,0,0,1
15,1,3,975,2,3.0,2,2,3,3.0,25,3,1.0,2,4,1,0,0,1
15,2,8,2631,5,3.0,3,1,3,2.0,25,3,1.0,1,3,1,0,0,1
24,2,1,2896,5,1.0,2,4,3,1.0,29,3,1.0,1,4,1,0,0,1
6,1,4,4716,1,1.0,1,4,3,3.0,44,3,1.0,2,3,2,0,0,1
24,2,1,2284,2,4.0,4,4,3,2.0,28,3,1.0,1,4,1,1,0,1
6,2,5,1236,3,3.0,2,4,3,4.0,50,3,3.0,1,4,1,0,0,1
12,2,1,1103,2,4.0,4,4,4,3.0,29,3,1.0,2,4,1,0,1,1
12,1,4,926,2,5.0,1,1,3,2.0,38,3,1.0,1,2,1,0,0,1
18,1,1,1800,2,3.0,4,4,3,2.0,24,3,1.0,2,4,1,0,0,1
15,2,2,1905,2,2.0,4,4,3,4.0,40,3,3.0,1,1,1,1,0,1
30,0,1,4530,2,4.0,4,1,3,4.0,26,3,3.0,1,1,1,1,0,1
12,2,3,1123,3,3.0,4,1,3,4.0,29,3,3.0,1,3,1,0,0,0
48,1,5,6331,2,2.0,4,4,3,4.0,46,3,2.0,2,4,1,1,0,0
24,2,1,1377,5,2.0,4,1,3,2.0,47,3,2.0,1,4,1,1,0,1
30,3,6,2503,5,2.0,4,4,3,2.0,41,2,1.0,2,4,1,0,0,1
27,2,6,2528,2,1.0,4,1,3,1.0,32,3,1.0,1,4,2,1,0,1
15,2,4,5324,3,2.0,1,1,3,4.0,35,3,2.0,1,4,1,0,0,1
48,2,4,6560,5,4.0,3,4,3,2.0,24,3,1.0,1,4,1,0,0,0
12,4,3,2969,2,1.0,4,1,3,3.0,25,3,3.0,2,4,1,0,0,0
9,2,1,1206,2,2.0,4,1,3,4.0,25,3,1.0,1,4,1,0,0,1
9,2,1,2118,2,3.0,2,4,3,2.0,37,3,1.0,1,3,2,0,0,1
18,1,1,629,3,2.0,4,4,3,3.0,32,1,1.0,2,1,1,1,0,1
6,5,2,1198,2,2.0,4,1,3,4.0,35,3,2.0,1,4,1,0,0,0
21,2,5,2476,1,2.0,4,4,3,4.0,46,3,1.0,1,1,1,1,0,1
9,1,1,1138,2,3.0,4,4,3,4.0,25,3,1.0,2,3,1,0,0,1
60,2,4,14027,2,4.0,4,4,3,2.0,27,3,1.0,1,1,1,1,0,0
30,1,5,7596,1,2.0,1,4,3,4.0,63,3,1.0,2,4,1,0,0,1
30,1,1,3077,1,2.0,3,4,3,2.0,40,3,1.0,2,4,2,1,0,1
18,2,1,1505,2,3.0,4,4,3,2.0,32,3,2.0,1,1,1,1,0,1
24,1,1,3148,1,3.0,3,4,3,2.0,31,3,1.0,2,4,1,1,0,1
20,4,5,6148,5,2.0,3,3,3,4.0,31,1,1.0,2,4,1,1,0,1
9,4,1,1337,2,1.0,4,4,3,2.0,34,3,1.0,2,1,1,1,0,0
6,5,2,433,4,1.0,4,1,3,2.0,24,1,3.0,1,4,2,0,0,0
12,2,4,1228,2,3.0,4,1,3,2.0,24,3,1.0,1,3,1,0,0,0
9,2,1,790,3,3.0,4,1,3,3.0,66,3,1.0,1,3,1,0,0,1
27,2,4,2570,2,3.0,3,1,3,3.0,21,3,3.0,1,4,1,0,0,0
6,1,4,250,4,3.0,2,1,3,2.0,41,1,1.0,2,3,1,0,0,1
15,1,1,1316,3,3.0,2,3,3,2.0,47,3,1.0,2,3,1,0,0,1
18,2,1,1882,2,3.0,4,1,3,4.0,25,1,3.0,2,4,1,0,0,0
48,5,6,6416,2,2.0,4,1,3,3.0,59,3,3.0,1,4,1,0,0,0
24,1,6,1275,4,3.0,2,2,3,4.0,36,3,1.0,2,4,1,1,0,1
24,3,1,6403,2,1.0,1,4,3,2.0,33,3,1.0,1,4,1,0,0,1
24,2,1,1987,2,3.0,2,4,3,4.0,21,3,3.0,1,3,2,0,0,0
8,2,1,760,2,4.0,4,1,4,2.0,44,3,1.0,1,3,1,0,0,1
24,2,5,2603,4,3.0,2,1,3,4.0,28,3,3.0,1,4,1,1,0,1
4,1,4,3380,2,4.0,1,1,3,1.0,37,3,1.0,1,4,2,0,0,1
36,5,7,3990,1,1.0,3,1,3,2.0,29,1,1.0,1,2,1,0,0,1
24,2,5,11560,2,3.0,1,1,3,4.0,23,3,3.0,2,1,1,0,0,0
18,2,4,4380,5,3.0,3,4,3,4.0,35,3,1.0,1,3,2,1,0,1
6,1,4,6761,2,4.0,1,4,3,3.0,45,3,1.0,2,1,2,1,0,1
30,4,6,4280,5,3.0,4,1,3,4.0,26,3,3.0,2,3,1,0,0,0
24,5,4,2325,5,4.0,2,4,3,3.0,32,1,1.0,1,4,1,0,0,1
10,5,1,1048,2,3.0,4,4,3,4.0,23,2,1.0,1,3,1,0,0,1
21,2,1,3160,1,2.0,4,4,3,3.0,41,3,1.0,1,4,1,1,0,1
24,5,3,2483,3,3.0,4,4,3,4.0,22,2,1.0,1,4,1,1,0,1
13,1,6,1797,2,1.0,3,4,3,1.0,28,1,1.0,2,3,1,0,0,1
15,2,4,2511,2,5.0,1,1,3,4.0,23,3,3.0,1,4,1,0,0,1
12,2,4,1274,2,1.0,3,1,3,1.0,37,3,1.0,1,3,1,0,0,0
21,2,5,5248,1,3.0,1,4,3,3.0,26,3,1.0,1,4,1,0,0,1
6,2,3,428,2,2.0,2,1,3,1.0,49,1,1.0,1,4,1,1,0,1
18,2,4,976,2,1.0,1,1,3,2.0,23,3,1.0,1,3,1,0,0,0
12,2,6,841,5,4.0,2,1,3,4.0,23,3,3.0,1,3,1,0,0,1
30,1,1,5771,2,4.0,4,1,3,2.0,25,3,1.0,2,4,1,0,0,1
12,3,8,1555,4,2.0,4,4,3,4.0,55,3,2.0,2,4,2,0,0,0
24,2,4,1285,1,4.0,4,1,3,4.0,32,3,3.0,1,4,1,0,0,0
6,1,4,1299,2,3.0,1,4,3,1.0,74,3,1.0,3,2,2,0,1,1
15,1,1,1271,1,3.0,3,4,3,4.0,39,3,2.0,2,4,1,1,0,0
24,2,4,1393,2,3.0,2,4,4,2.0,31,3,1.0,1,4,1,1,0,1
12,1,4,691,2,2.0,4,4,3,3.0,35,3,1.0,2,4,1,0,0,0
15,1,4,5045,1,2.0,1,1,3,4.0,59,3,1.0,1,4,1,1,0,1
18,1,3,2124,2,3.0,4,1,3,4.0,24,3,3.0,2,4,1,0,0,0
12,2,1,2214,2,3.0,4,4,3,3.0,24,3,1.0,1,3,1,0,0,1
21,1,4,12680,1,2.0,4,4,3,4.0,30,3,2.0,1,1,1,1,0,0
24,1,4,2463,5,4.0,4,3,3,3.0,27,3,1.0,2,4,1,1,0,1
12,2,1,1155,2,2.0,3,3,4,3.0,40,1,1.0,2,3,1,0,0,1
30,2,3,3108,2,1.0,2,2,3,4.0,31,3,1.0,1,3,1,0,0,0
10,2,5,2901,1,1.0,1,1,3,4.0,31,3,3.0,1,4,1,0,0,1
12,1,3,3617,2,2.0,1,4,3,4.0,28,3,3.0,3,4,1,1,0,1
12,1,1,1655,2,2.0,2,4,3,4.0,63,3,1.0,2,3,1,1,0,1
24,2,5,2812,1,2.0,2,1,3,4.0,26,3,3.0,1,4,1,0,0,1
36,1,2,8065,2,3.0,3,1,3,2.0,25,3,1.0,2,1,1,1,0,0
21,1,5,3275,2,2.0,1,4,3,4.0,36,3,1.0,1,1,1,1,0,1
24,1,1,2223,5,2.0,4,4,3,4.0,52,1,1.0,2,4,1,0,0,1
12,1,4,1480,3,5.0,2,4,3,4.0,66,1,2.0,3,2,1,0,0,1
24,2,4,1371,1,3.0,4,1,3,4.0,25,3,3.0,1,4,1,0,0,0
36,1,4,3535,2,4.0,4,4,3,4.0,37,3,1.0,2,4,1,1,0,1
18,2,1,3509,2,4.0,4,1,4,1.0,25,3,1.0,1,4,1,0,0,1
36,1,5,5711,4,2.0,4,4,3,2.0,38,3,1.0,2,1,1,1,0,1
18,2,8,3872,2,5.0,2,1,3,4.0,67,3,1.0,1,4,1,1,0,1
39,1,1,4933,2,4.0,2,4,4,2.0,25,3,1.0,2,4,1,0,0,0
24,1,4,1940,4,2.0,4,4,3,4.0,60,3,1.0,1,4,1,1,0,1
12,4,10,1410,2,3.0,2,4,3,2.0,31,3,1.0,1,3,1,1,0,1
12,2,4,836,5,1.0,4,1,3,2.0,23,1,1.0,1,3,1,0,0,0
20,2,5,6468,1,5.0,1,2,3,4.0,60,3,1.0,1,1,1,1,0,1
18,2,6,1941,4,3.0,4,4,3,2.0,35,3,1.0,1,3,1,1,0,1
22,2,1,2675,3,2.0,3,4,3,4.0,40,3,1.0,1,4,1,0,0,1
48,1,5,2751,1,2.0,4,4,3,3.0,38,3,1.0,2,4,2,1,0,1
48,3,2,6224,2,2.0,4,4,3,4.0,50,3,2.0,1,4,1,0,0,0
40,1,2,5998,2,3.0,4,4,3,3.0,27,1,1.0,1,4,1,1,0,0
21,2,6,1188,2,2.0,2,1,3,4.0,39,3,1.0,1,4,2,0,0,0
24,2,5,6313,1,2.0,3,4,3,4.0,41,3,1.0,1,1,2,1,0,1
6,1,3,1221,1,3.0,1,3,3,2.0,27,3,1.0,2,4,1,0,0,1
24,2,3,2892,2,2.0,3,2,3,4.0,51,3,2.0,1,4,1,0,0,1
24,2,3,3062,3,2.0,4,4,3,3.0,32,3,3.0,1,4,1,1,0,1
9,2,3,2301,5,1.0,2,1,3,4.0,22,3,3.0,1,4,1,0,0,1
18,2,5,7511,1,2.0,1,4,3,4.0,51,3,2.0,1,4,2,1,0,0
12,1,3,1258,2,1.0,2,1,3,4.0,22,3,3.0,2,3,1,0,0,1
9,2,4,1549,1,1.0,4,4,3,2.0,35,3,1.0,1,2,1,0,0,1
24,1,2,1597,2,2.0,4,4,3,4.0,54,3,2.0,2,4,2,0,0,1
18,1,1,1795,2,2.0,3,1,4,4.0,48,1,3.0,2,3,1,1,0,1
20,1,3,4272,2,2.0,1,1,3,4.0,24,3,1.0,2,4,1,0,0,1
12,1,1,976,1,2.0,4,4,3,4.0,35,3,1.0,2,4,1,0,0,1
12,2,4,7472,1,5.0,1,1,3,2.0,24,3,3.0,1,2,1,0,0,1
36,2,4,9271,2,4.0,2,4,3,1.0,24,3,1.0,1,4,1,1,0,0
6,2,1,590,2,1.0,3,3,3,3.0,26,3,1.0,1,3,1,0,1,1
12,1,1,930,1,2.0,4,4,3,4.0,65,3,1.0,4,4,1,0,0,1
42,5,5,9283,2,5.0,1,4,3,2.0,55,1,2.0,1,1,1,1,0,1
15,4,4,1778,2,1.0,2,1,3,1.0,26,3,3.0,2,2,1,0,0,0
8,2,6,907,2,1.0,3,3,3,2.0,26,3,1.0,1,4,1,1,0,1
6,2,1,484,2,4.0,3,3,4,3.0,28,1,1.0,1,3,1,0,0,1
36,1,5,9629,2,4.0,4,4,3,4.0,24,3,1.0,2,4,1,1,0,0
48,2,7,3051,2,3.0,3,4,3,4.0,54,3,1.0,1,4,1,0,0,0
48,2,4,3931,2,4.0,4,4,3,4.0,46,3,2.0,1,4,2,0,0,0
36,3,4,7432,2,3.0,2,1,3,2.0,54,3,3.0,1,4,1,0,0,1
6,2,7,1338,3,3.0,1,2,3,4.0,62,3,1.0,1,4,1,0,0,1
6,1,1,1554,2,4.0,1,1,3,2.0,24,3,3.0,2,4,1,1,0,1
36,2,9,15857,2,5.0,2,2,2,3.0,43,3,1.0,1,1,1,0,0,1
18,2,1,1345,2,3.0,4,3,3,3.0,26,1,1.0,1,4,1,0,0,0
12,2,4,1101,2,3.0,3,3,3,2.0,27,3,1.0,2,4,1,1,0,1
12,2,1,3016,2,3.0,3,3,3,1.0,24,3,1.0,1,4,1,0,0,1
36,2,3,2712,2,2.0,2,4,3,2.0,41,1,1.0,1,4,2,0,0,0
8,1,4,731,2,2.0,4,4,3,4.0,47,3,1.0,2,3,1,0,0,1
18,1,3,3780,2,1.0,3,2,3,2.0,35,3,1.0,2,1,1,1,0,1
21,1,4,1602,2,2.0,4,3,3,3.0,30,3,1.0,2,4,1,1,0,1
18,1,4,3966,2,2.0,1,1,3,4.0,33,1,3.0,3,4,1,1,0,0
18,4,6,4165,2,3.0,2,4,3,2.0,36,2,1.0,2,4,2,0,0,0
36,2,5,8335,1,2.0,3,4,3,4.0,47,3,2.0,1,4,1,0,0,0
48,3,6,6681,1,3.0,4,4,3,4.0,38,3,2.0,1,4,2,1,0,1
24,3,6,2375,3,3.0,4,4,3,2.0,44,3,1.0,2,4,2,1,0,1
18,2,4,1216,2,1.0,4,1,3,3.0,23,3,3.0,1,4,1,1,0,0
45,4,6,11816,2,2.0,2,4,3,4.0,29,3,3.0,2,4,1,0,0,0
15,2,1,2327,2,1.0,2,1,3,3.0,25,3,1.0,1,3,1,0,0,0
12,4,4,1082,2,3.0,4,4,3,4.0,48,1,1.0,2,4,1,0,0,0
12,2,1,886,1,3.0,4,1,3,2.0,21,3,1.0,1,4,1,0,0,1
4,2,3,601,2,1.0,1,1,3,3.0,23,3,3.0,1,3,2,0,0,1
24,1,5,2957,2,2.0,4,4,3,4.0,63,3,1.0,2,4,1,1,0,1
24,1,1,2611,2,2.0,4,3,2,3.0,46,3,1.0,2,4,1,0,0,1
24,0,4,717,1,2.0,4,3,3,4.0,54,3,1.0,2,4,1,1,0,1
36,2,3,5179,2,4.0,4,4,3,2.0,29,3,1.0,1,4,1,0,0,0
21,3,5,2993,2,3.0,3,4,3,2.0,28,2,1.0,2,3,1,0,0,1
18,2,8,1943,2,1.0,4,1,3,4.0,23,3,1.0,1,4,1,0,0,0
18,2,3,3422,2,2.0,4,4,3,4.0,47,1,1.0,3,4,2,1,0,1
21,2,3,3976,1,4.0,2,4,3,3.0,35,3,1.0,1,4,1,1,0,1
18,2,4,6761,1,3.0,2,4,3,4.0,68,3,3.0,2,4,1,0,0,0
24,2,4,1249,2,1.0,4,3,3,2.0,28,3,1.0,1,4,1,0,0,1
9,2,1,1364,2,4.0,3,4,3,4.0,59,3,1.0,1,4,1,0,0,1
12,2,1,709,2,2.0,4,4,3,4.0,57,2,1.0,1,3,1,0,0,0
20,1,4,2235,2,3.0,4,3,4,2.0,33,1,3.0,2,4,1,0,1,0
24,1,5,4042,1,4.0,3,4,3,4.0,43,3,1.0,2,4,1,1,0,1
15,1,1,1471,2,3.0,4,4,3,4.0,35,3,2.0,2,4,1,1,0,1
18,5,4,1442,2,4.0,4,4,3,4.0,32,3,2.0,2,3,2,0,0,0
36,3,4,10875,2,2.0,2,4,3,2.0,45,3,1.0,2,4,2,1,0,1
24,2,4,1474,5,1.0,4,3,3,3.0,33,3,1.0,1,4,1,1,0,1
10,2,10,894,1,4.0,4,1,3,3.0,40,3,1.0,1,4,1,1,0,1
15,1,3,3343,2,3.0,4,4,3,2.0,28,3,2.0,1,4,1,1,0,1
15,2,4,3959,2,3.0,3,1,3,2.0,29,3,1.0,1,4,1,1,0,0
9,2,4,3577,5,3.0,1,4,4,2.0,26,3,3.0,1,4,2,0,1,1
24,1,5,5804,4,3.0,4,4,3,2.0,27,3,1.0,2,4,1,0,0,1
18,3,6,2169,2,3.0,4,3,3,2.0,28,3,1.0,1,4,1,1,0,0
24,2,1,2439,2,1.0,4,1,3,4.0,35,3,1.0,1,4,1,1,0,0
27,1,3,4526,4,1.0,4,4,3,2.0,32,2,1.0,2,3,2,1,0,1
10,2,3,2210,2,3.0,2,4,3,2.0,25,1,3.0,1,3,1,0,0,0
15,2,3,2221,3,3.0,2,1,3,4.0,20,3,3.0,1,4,1,0,0,1
18,2,1,2389,2,1.0,4,1,3,1.0,27,2,1.0,1,4,1,0,0,1
12,1,3,3331,2,2.0,2,4,3,4.0,42,2,1.0,1,4,1,0,0,1
36,2,6,7409,1,2.0,3,4,3,2.0,37,3,1.0,2,4,1,0,0,1
12,2,3,652,2,2.0,4,1,3,4.0,24,3,3.0,1,4,1,0,0,1
36,3,3,7678,3,4.0,2,1,3,4.0,40,3,1.0,2,4,1,1,0,1
6,1,4,1343,2,2.0,1,4,3,4.0,46,3,1.0,2,4,2,0,1,1
24,1,6,1382,5,4.0,4,4,3,1.0,26,3,1.0,2,4,1,1,0,1
15,2,7,874,1,1.0,4,1,3,1.0,24,3,1.0,1,4,1,0,0,1
12,2,3,3590,2,3.0,2,4,2,2.0,29,3,1.0,1,3,2,0,0,1
11,1,4,1322,4,3.0,4,1,3,4.0,40,3,1.0,2,4,1,0,0,1
18,5,1,1940,2,1.0,3,4,2,4.0,36,1,2.0,1,1,1,1,0,1
36,2,1,3595,2,2.0,4,4,3,2.0,28,3,1.0,1,4,1,0,0,1
9,2,4,1422,2,1.0,3,4,3,2.0,27,3,2.0,1,1,1,1,0,0
30,1,1,6742,1,4.0,2,4,3,3.0,36,3,1.0,2,4,1,0,0,1
24,2,5,7814,2,4.0,3,4,3,3.0,38,3,1.0,1,1,1,1,0,1
24,2,5,9277,1,3.0,2,2,3,4.0,48,3,2.0,1,4,1,1,0,1
30,1,4,2181,1,2.0,4,4,3,4.0,36,3,1.0,2,4,1,0,0,1
18,1,1,1098,2,5.0,4,1,3,4.0,65,3,1.0,2,2,1,0,0,1
24,2,3,4057,2,4.0,3,2,3,3.0,43,3,1.0,1,4,1,1,0,0
12,2,2,795,2,1.0,4,1,3,4.0,53,3,1.0,1,4,1,0,0,0
24,1,6,2825,1,4.0,4,4,3,3.0,34,3,1.0,2,4,2,1,0,1
48,2,6,15672,2,3.0,2,4,3,2.0,23,3,1.0,1,4,1,1,0,0
36,1,4,6614,2,2.0,4,4,3,4.0,34,3,1.0,2,1,1,1,0,1
28,5,5,7824,1,1.0,3,4,4,4.0,40,1,3.0,2,4,2,1,0,1
27,1,6,2442,2,2.0,4,4,3,4.0,43,2,1.0,4,1,2,1,0,1
15,1,1,1829,2,2.0,4,4,3,4.0,46,3,1.0,2,4,1,1,0,1
12,1,4,2171,2,3.0,4,4,3,4.0,38,1,1.0,2,3,1,0,1,1
36,1,5,5800,2,3.0,3,4,3,4.0,34,3,1.0,2,4,1,1,0,1
18,1,1,1169,1,3.0,4,4,3,3.0,29,3,1.0,2,4,1,1,0,1
21,2,1,2606,2,1.0,4,1,3,4.0,28,3,3.0,1,1,1,1,0,1
12,1,3,1592,4,4.0,3,1,3,2.0,35,3,1.0,1,4,1,0,1,1
15,2,3,2186,1,4.0,1,1,3,4.0,33,1,3.0,1,3,1,0,0,1
18,2,3,4153,2,3.0,2,4,2,3.0,42,3,1.0,1,4,1,0,0,0
16,1,4,2625,2,2.0,2,4,4,4.0,43,1,3.0,1,4,1,1,0,0
20,1,4,3485,1,1.0,2,2,3,4.0,44,3,1.0,2,4,1,1,0,1
36,1,5,10477,1,2.0,2,4,3,4.0,42,3,2.0,2,4,1,0,0,1
15,2,1,1386,1,3.0,4,3,3,2.0,40,3,3.0,1,4,1,1,0,1
24,2,1,1278,2,2.0,4,4,3,1.0,36,3,1.0,1,1,1,1,0,1
12,2,1,1107,2,3.0,2,4,3,2.0,20,3,3.0,1,1,2,1,0,1
21,2,4,3763,1,4.0,2,4,2,2.0,24,3,1.0,1,3,1,0,1,1
36,2,2,3711,1,3.0,2,3,3,2.0,27,3,1.0,1,4,1,0,0,1
15,3,5,3594,2,1.0,1,1,3,2.0,46,3,1.0,2,3,1,0,0,1
9,2,4,3195,1,3.0,1,1,3,2.0,33,3,1.0,1,3,1,0,0,1
24,0,6,1559,2,4.0,4,4,3,4.0,50,1,1.0,1,4,1,1,0,1
36,3,1,4454,2,3.0,4,1,3,4.0,34,3,1.0,2,4,1,0,0,1
24,1,3,4736,2,1.0,2,1,3,4.0,25,1,1.0,1,3,1,0,0,0
30,2,1,2991,1,2.0,2,1,3,4.0,25,3,1.0,1,4,1,0,0,1
11,2,6,2142,4,2.0,1,2,3,2.0,28,3,1.0,1,4,1,1,0,1
24,5,6,3161,2,3.0,4,4,3,2.0,31,3,3.0,1,4,1,1,0,0
48,4,9,18424,2,3.0,1,1,3,2.0,32,1,1.0,1,1,1,1,1,0
10,2,5,2848,5,3.0,1,4,2,2.0,32,3,1.0,1,4,2,0,0,1
6,2,4,14896,2,2.0,1,4,3,4.0,68,1,1.0,1,1,1,1,0,0
24,2,3,2359,5,5.0,1,2,3,1.0,33,3,1.0,1,4,1,0,0,0
24,2,3,3345,2,2.0,4,4,3,2.0,39,3,3.0,1,1,1,1,0,0
18,1,3,1817,2,3.0,4,1,3,2.0,28,3,1.0,2,4,1,0,0,1
48,3,1,12749,3,4.0,4,4,3,1.0,37,3,1.0,1,1,1,1,0,1
9,2,1,1366,2,1.0,3,1,3,4.0,22,3,3.0,1,4,1,0,0,0
12,2,4,2002,2,4.0,3,4,3,4.0,30,3,3.0,1,4,2,1,0,1
24,5,3,6872,2,1.0,2,2,3,1.0,55,1,1.0,1,4,1,1,0,0
12,5,4,697,2,1.0,4,4,3,2.0,46,1,1.0,2,4,1,1,0,0
18,1,3,1049,2,1.0,4,1,3,4.0,21,3,3.0,1,4,1,0,0,1
48,2,5,10297,2,4.0,4,4,3,4.0,39,2,2.0,3,4,2,1,0,0
30,2,1,1867,1,2.0,4,4,3,4.0,58,3,1.0,1,4,1,1,0,1
12,3,4,1344,2,3.0,4,4,3,2.0,43,3,1.0,2,3,2,0,0,1
24,2,3,1747,2,1.0,4,4,2,1.0,24,3,1.0,1,3,1,0,1,1
9,2,1,1670,2,1.0,4,1,3,2.0,22,3,1.0,1,4,1,1,0,0
9,1,4,1224,2,3.0,3,4,3,1.0,30,3,1.0,2,4,1,0,0,1
12,1,1,522,3,2.0,4,4,3,4.0,42,3,1.0,2,4,2,1,0,1
12,2,1,1498,2,3.0,4,1,3,1.0,23,1,1.0,1,4,1,0,0,1
30,3,1,1919,5,1.0,4,4,3,3.0,30,2,1.0,2,1,1,0,0,0
9,2,1,745,2,3.0,3,1,3,2.0,28,3,1.0,1,3,1,0,0,0
6,2,1,2063,2,1.0,4,3,3,3.0,30,3,3.0,1,1,1,1,0,1
60,2,2,6288,2,3.0,4,4,3,4.0,42,3,2.0,1,4,1,0,0,0
24,1,5,6842,1,3.0,2,4,3,4.0,46,3,1.0,2,1,2,1,0,1
12,2,4,3527,1,1.0,2,4,3,3.0,45,3,1.0,1,1,2,1,0,1
10,2,4,1546,2,3.0,3,4,3,2.0,31,3,1.0,1,3,2,0,1,1
24,2,3,929,1,4.0,4,4,3,2.0,31,2,1.0,1,4,1,1,0,1
4,1,4,1455,2,4.0,2,4,3,1.0,42,3,1.0,3,3,2,0,0,1
48,4,4,8358,3,1.0,1,1,3,1.0,30,3,1.0,2,4,1,0,0,1
24,5,3,3349,3,1.0,4,4,3,4.0,30,3,2.0,1,4,2,1,0,0
12,2,4,2859,1,5.0,4,4,3,4.0,38,3,1.0,1,1,1,1,0,1
18,2,3,1533,2,1.0,4,3,2,1.0,43,3,1.0,1,3,2,0,0,0
24,2,1,3621,5,2.0,2,4,3,4.0,31,3,1.0,2,4,1,0,0,0
18,1,6,3590,2,5.0,3,3,3,3.0,40,3,1.0,3,2,2,1,0,1
36,3,6,2145,2,4.0,2,4,3,1.0,24,3,1.0,2,4,1,1,0,0
24,2,5,4113,3,1.0,3,1,3,4.0,28,3,3.0,1,4,1,0,0,0
36,2,3,10974,2,5.0,4,1,3,2.0,26,3,1.0,2,1,1,1,0,0
12,2,4,1893,2,3.0,4,1,4,4.0,29,3,1.0,1,4,1,1,0,1
24,1,1,1231,4,2.0,4,1,3,4.0,57,3,3.0,2,1,1,1,0,1
30,1,1,3656,1,2.0,4,4,3,4.0,49,2,1.0,2,3,1,0,0,1
9,1,1,1154,2,2.0,2,4,3,4.0,37,3,1.0,3,3,1,0,0,1
28,2,4,4006,2,3.0,3,4,3,2.0,45,3,1.0,1,3,1,0,0,0
6,1,1,1740,2,2.0,2,3,3,2.0,30,3,3.0,2,4,1,0,0,1
21,3,4,2353,2,3.0,1,2,3,4.0,47,3,1.0,2,4,1,0,0,1
15,2,4,3556,1,3.0,3,4,3,2.0,29,3,1.0,1,4,1,0,0,1
24,2,1,2397,3,2.0,3,4,3,2.0,35,1,1.0,2,4,1,1,0,0
6,2,8,454,2,1.0,3,3,3,1.0,22,3,1.0,1,3,1,0,0,1
30,2,1,1715,1,3.0,4,1,3,1.0,26,3,1.0,1,4,1,0,0,1
27,1,1,2520,3,3.0,4,4,3,2.0,23,3,1.0,2,3,1,0,0,0
15,2,1,3568,2,2.0,4,1,3,2.0,54,1,3.0,1,1,1,1,0,1
42,2,1,7166,1,4.0,2,3,3,4.0,29,3,3.0,1,4,1,1,0,1
11,1,4,3939,2,3.0,1,4,3,2.0,40,3,1.0,2,3,2,0,0,1
15,2,8,1514,5,3.0,4,4,4,2.0,22,3,1.0,1,4,1,0,0,1
24,2,4,7393,2,3.0,1,4,3,4.0,43,3,1.0,1,3,2,0,0,1
24,5,4,1193,2,5.0,1,1,2,4.0,29,3,3.0,2,2,1,0,0,0
60,2,6,7297,2,2.0,4,4,2,4.0,36,3,3.0,1,4,1,0,0,0
30,1,1,2831,2,3.0,4,1,3,2.0,33,3,1.0,1,4,1,1,0,1
6,2,1,753,2,3.0,2,1,4,3.0,64,3,1.0,1,4,1,0,0,1
18,3,6,2427,1,2.0,4,4,3,2.0,42,3,1.0,2,4,1,0,0,1
24,3,4,2538,2,2.0,4,4,3,4.0,47,3,1.0,2,3,2,0,0,0
15,5,4,1264,5,3.0,2,3,3,2.0,25,3,3.0,1,4,1,0,0,0
15,2,3,1845,2,1.0,4,1,4,1.0,46,3,1.0,1,4,1,0,0,1
24,2,1,1258,3,3.0,3,1,3,3.0,57,3,1.0,1,999,1,0,0,1
30,1,3,8386,2,4.0,2,4,3,2.0,49,3,1.0,1,4,1,0,0,0
48,2,6,4844,2,5.0,3,4,3,2.0,33,1,3.0,1,1,1,1,0,0
21,2,4,2923,5,3.0,1,1,3,1.0,28,1,1.0,1,1,1,1,0,1
36,2,5,8229,2,3.0,2,4,3,2.0,26,3,1.0,1,4,2,0,0,0
24,1,3,2028,2,4.0,2,4,3,2.0,30,3,1.0,2,3,1,0,0,1
15,1,3,1433,2,3.0,4,1,3,3.0,25,3,3.0,2,4,1,0,0,1
42,4,6,6289,2,1.0,2,2,3,1.0,33,3,1.0,2,4,1,0,0,1
13,2,1,1409,5,5.0,2,1,3,4.0,64,3,1.0,1,4,1,0,0,1
24,2,5,6579,2,5.0,4,4,3,2.0,29,3,2.0,1,1,1,1,0,1
24,1,1,1743,2,2.0,4,4,3,2.0,48,3,1.0,2,3,1,0,0,1
12,1,2,3565,1,1.0,2,4,3,1.0,37,3,1.0,2,3,2,0,0,1
15,5,1,1569,5,2.0,4,4,3,4.0,34,1,1.0,1,3,2,0,0,1
18,2,1,1936,1,4.0,2,3,3,4.0,23,3,3.0,2,3,1,0,0,1
36,2,3,3959,2,5.0,4,4,3,3.0,30,3,1.0,1,1,1,1,0,1
12,2,4,2390,1,2.0,4,4,3,3.0,50,3,1.0,1,4,1,1,0,1
12,2,3,1736,2,4.0,3,1,3,4.0,31,3,1.0,1,3,1,0,0,1
30,2,5,3857,2,3.0,4,2,3,4.0,40,3,1.0,1,1,1,1,0,1
12,2,1,804,2,2.0,4,4,3,4.0,38,3,1.0,1,4,1,0,0,1
45,2,1,1845,2,3.0,4,4,3,4.0,23,3,2.0,1,4,1,1,0,0
45,1,5,4576,5,5.0,3,4,3,4.0,27,3,1.0,1,4,1,0,0,1
15,2,4,1403,2,3.0,2,1,3,3.0,28,3,3.0,1,4,1,0,0,1
18,3,3,4297,2,2.0,4,2,3,3.0,40,3,1.0,1,1,1,1,0,0
36,2,2,1977,1,2.0,4,4,3,3.0,40,3,1.0,1,1,1,1,0,0
9,1,2,1136,4,2.0,4,4,3,3.0,32,3,2.0,2,4,2,0,0,0
12,2,2,684,2,3.0,4,4,3,3.0,40,3,3.0,1,3,2,0,0,0
24,2,3,3069,5,3.0,4,4,3,3.0,30,3,2.0,1,4,1,0,0,1
6,5,4,783,1,3.0,1,4,4,2.0,26,2,1.0,1,3,2,0,0,1
24,2,1,999,1,3.0,4,4,3,2.0,25,3,1.0,2,4,1,0,0,1
36,3,5,8947,1,3.0,3,4,3,2.0,31,2,1.0,1,1,2,1,0,1
24,2,5,2760,1,3.0,4,4,3,4.0,36,1,1.0,1,4,1,1,0,1
24,2,4,1246,2,1.0,4,4,3,2.0,23,2,1.0,1,3,1,0,0,0
39,3,2,11760,5,4.0,2,4,3,3.0,32,3,1.0,1,4,1,1,0,1
39,1,3,14179,1,4.0,4,4,3,4.0,30,3,1.0,2,1,1,1,0,1
15,2,5,3029,2,4.0,2,4,3,2.0,33,3,1.0,1,4,1,0,0,1
48,1,5,6143,2,3.0,4,1,3,4.0,58,2,2.0,2,999,1,0,0,0
12,2,4,1318,4,3.0,4,4,3,4.0,54,3,1.0,1,999,1,1,0,1
18,2,1,1301,2,2.0,4,3,4,2.0,32,3,1.0,1,999,1,0,0,1
24,2,4,1207,2,1.0,4,1,3,4.0,24,3,3.0,1,999,1,0,0,0
24,2,1,5084,1,2.0,2,1,3,4.0,42,3,1.0,1,999,1,1,0,1
18,0,1,866,2,3.0,4,3,4,2.0,25,3,1.0,1,3,1,0,0,1
6,0,10,1238,1,5.0,4,4,3,4.0,36,3,1.0,1,1,2,1,0,1
24,0,6,4712,1,3.0,4,4,3,2.0,37,1,1.0,2,1,1,1,0,1
